crp_id,cspan_id,district,domain,first_name,govtrack_id,icpsr_id,member_id,in_office,last_name,leadership_role,middle_name,missed_votes,missed_votes_pct,next_election,ocd_id,office,party,phone,seniority,state,total_present,total_votes,twitter_account,url,votes_with_party_pct,votesmart_id
N00003028,45516,4,aderholt.house.gov,Robert,400004,29701.0,A000055,True,Aderholt,,B.,1.0,0.53,2018,ocd-division/country:us/state:al/cd:4,235 Cannon House Office Building,R,202-225-4876,22,AL,0.0,187.0,Robert_Aderholt,https://aderholt.house.gov,97.85,441.0
N00031938,1033767,3,amash.house.gov,Justin,412438,21143.0,A000367,True,Amash,,,1.0,0.53,2018,ocd-division/country:us/state:mi/cd:3,114 Cannon House Office Building,R,202-225-3831,8,MI,0.0,187.0,,http://amash.house.gov,85.48,105566.0
N00031177,62817,2,amodei.house.gov,Mark,412500,21196.0,A000369,True,Amodei,,,4.0,2.14,2018,ocd-division/country:us/state:nv/cd:2,,R,202-225-6155,8,NV,1.0,187.0,MarkAmodeiNV2,https://amodei.house.gov,97.27,12537.0
N00035451,76386,12,,Alma,412607,21545.0,A000370,True,Adams,,,1.0,0.53,2018,ocd-division/country:us/state:nc/cd:12,,D,202-225-1510,6,NC,0.0,187.0,RepAdams,http://adams.house.gov,97.85,5935.0
N00033997,79994,31,,Pete,412615,21506.0,A000371,True,Aguilar,,,0.0,0.0,2018,ocd-division/country:us/state:ca/cd:31,,D,202-225-3201,4,CA,0.0,187.0,reppeteaguilar,https://aguilar.house.gov,94.12,70114.0
N00033720,62545,12,allen.house.gov,Rick,412625,21516.0,A000372,True,Allen,,,2.0,1.07,2018,ocd-division/country:us/state:ga/cd:12,,R,202-225-2823,4,GA,0.0,187.0,reprickallen,http://allen.house.gov,97.84,136062.0
N00036633,76236,5,,Ralph,412630,21522.0,A000374,True,Abraham,,,0.0,0.0,2018,ocd-division/country:us/state:la/cd:5,,R,202-225-8490,4,LA,0.0,187.0,RepAbraham,https://abraham.house.gov,97.86,155414.0
N00038285,1016482,19,arrington.house.gov,Jodey,412726,,A000375,True,Arrington,,,0.0,0.0,2018,ocd-division/country:us/state:tx/cd:19,,R,202-225-4005,2,TX,0.0,187.0,RepArrington,https://arrington.house.gov,98.4,155685.0
N00005656,5248,6,joebarton.house.gov,Joe,400018,15085.0,B000213,True,Barton,,L.,7.0,3.74,2018,ocd-division/country:us/state:tx/cd:6,2107 Rayburn House Office Building,R,202-225-2002,34,TX,0.0,187.0,RepJoeBarton,https://joebarton.house.gov,98.33,27082.0
,26567,34,becerra.house.gov,Xavier,400021,29316.0,B000287,False,Becerra,,,42.0,68.85,2018,ocd-division/country:us/state:ca/cd:34,,D,202-225-6235,26,CA,0.0,61.0,RepBecerra,http://becerra.house.gov,89.47,
N00002674,26194,2,bishop.house.gov,Sanford,400030,29339.0,B000490,True,Bishop Jr.,,D.,9.0,4.81,2018,ocd-division/country:us/state:ga/cd:2,2407 Rayburn House Office Building,D,202-225-3631,26,GA,0.0,187.0,SanfordBishop,http://bishop.house.gov,92.13,26817.0
N00007727,43809,3,blumenauer.house.gov,Earl,400033,29588.0,B000574,True,Blumenauer,,,13.0,6.95,2018,ocd-division/country:us/state:or/cd:3,1111 Longworth House Office Building,D,202-225-4811,24,OR,0.0,187.0,BlumenauerMedia,https://blumenauer.house.gov,94.25,367.0
N00005883,45749,8,kevinbrady.house.gov,Kevin,400046,29760.0,B000755,True,Brady,,,9.0,4.81,2018,ocd-division/country:us/state:tx/cd:8,,R,202-225-4901,22,TX,0.0,187.0,RepKevinBrady,http://kevinbrady.house.gov,98.31,361.0
N00001619,55227,1,www.brady.house.gov,Robert,400047,29777.0,B001227,True,Brady,,A.,1.0,0.53,2018,ocd-division/country:us/state:pa/cd:1,,D,202-225-4731,22,PA,0.0,187.0,RepBrady,http://brady.house.gov,96.77,2519.0
N00003105,31226,7,blackburn.house.gov,Marsha,400032,20351.0,B001243,True,Blackburn,,,8.0,4.28,2018,ocd-division/country:us/state:tn/cd:7,2266 Rayburn House Office Building,R,202-225-2811,16,TN,0.0,187.0,MarshaBlackburn,http://blackburn.house.gov,98.88,25186.0
N00024866,1003568,79,bordallo.house.gov,Madeleine,400041,70701.0,B001245,True,Bordallo,,Z.,,,2018,ocd-division/country:us/state:gu/cd:79,,D,,16,GU,,0.0,,https://bordallo.house.gov,,1751.0
N00025219,1003620,26,burgess.house.gov,Michael,400052,20355.0,B001248,True,Burgess,,C.,0.0,0.0,2018,ocd-division/country:us/state:tx/cd:26,,R,202-225-7772,16,TX,0.0,187.0,MichaelCBurgess,http://burgess.house.gov,96.26,50120.0
N00025292,1003621,1,robbishop.house.gov,Rob,400029,20357.0,B001250,True,Bishop,,,3.0,1.6,2018,ocd-division/country:us/state:ut/cd:1,123 Cannon House Office Building,R,202-225-0453,16,UT,0.0,187.0,RepRobBishop,http://robbishop.house.gov,98.91,50544.0
N00027035,1013540,1,butterfield.house.gov,G.,400616,20340.0,B001251,True,Butterfield,,K.,12.0,6.42,2018,ocd-division/country:us/state:nc/cd:1,,D,202-225-3101,16,NC,0.0,187.0,GKButterfield,http://butterfield.house.gov,96.57,41077.0
N00027462,1022873,12,bilirakis.house.gov,Gus,412250,20758.0,B001257,True,Bilirakis,,,1.0,0.53,2018,ocd-division/country:us/state:fl/cd:12,2112 Rayburn House Office Building,R,202-225-5755,14,FL,0.0,187.0,RepGusBilirakis,https://bilirakis.house.gov,98.92,17318.0
N00027626,1021626,16,buchanan.house.gov,Vern,412196,20709.0,B001260,True,Buchanan,,,6.0,3.21,2018,ocd-division/country:us/state:fl/cd:16,,R,202-225-5015,12,FL,0.0,187.0,VernBuchanan,https://buchanan.house.gov,98.9,66247.0
N00025495,29618,11,barletta.house.gov,Lou,412469,21171.0,B001269,True,Barletta,,,20.0,10.7,2018,ocd-division/country:us/state:pa/cd:11,2049 Rayburn House Office Building,R,202-225-6511,8,PA,0.0,187.0,RepLouBarletta,http://barletta.house.gov,98.8,47143.0
N00031877,62502,37,bass.house.gov,Karen,412404,21110.0,B001270,True,Bass,,,15.0,8.02,2018,ocd-division/country:us/state:ca/cd:37,2241 Rayburn House Office Building,D,202-225-7084,8,CA,0.0,187.0,RepKarenBass,https://bass.house.gov,95.93,28963.0
N00031539,9268964,6,black.house.gov,Diane,412478,21180.0,B001273,True,Black,,,3.0,1.6,2018,ocd-division/country:us/state:tn/cd:6,1131 Longworth House Office Building,R,202-225-4231,8,TN,0.0,187.0,RepDianeBlack,http://black.house.gov,98.91,25292.0
N00030910,94888,5,brooks.house.gov,Mo,412395,21193.0,B001274,True,Brooks,,,3.0,1.6,2018,ocd-division/country:us/state:al/cd:5,,R,202-225-4801,8,AL,0.0,187.0,RepMoBrooks,https://brooks.house.gov,97.83,121610.0
N00031227,61837,8,bucshon.house.gov,Larry,412427,21132.0,B001275,True,Bucshon,,,2.0,1.07,2018,ocd-division/country:us/state:in/cd:8,,R,202-225-4636,8,IN,0.0,187.0,RepLarryBucshon,https://bucshon.house.gov,97.3,120335.0
N00033474,63966,1,bonamici.house.gov,Suzanne,412501,21198.0,B001278,True,Bonamici,,,0.0,0.0,2018,ocd-division/country:us/state:or/cd:1,,D,202-225-0855,8,OR,0.0,187.0,RepBonamici,http://bonamici.house.gov,95.19,59641.0
N00033904,67294,3,beatty.house.gov,Joyce,412565,21352.0,B001281,True,Beatty,,,8.0,4.28,2018,ocd-division/country:us/state:oh/cd:3,,D,202-225-4324,6,OH,0.0,187.0,RepBeatty,http://beatty.house.gov,97.77,2427.0
N00031233,61848,6,,Andy,412541,21333.0,B001282,True,Barr,,,3.0,1.6,2018,ocd-division/country:us/state:ky/cd:6,,R,202-225-4706,6,KY,0.0,187.0,RepAndyBarr,https://barr.house.gov,98.37,117290.0
N00033532,79705,1,bridenstine.house.gov,Jim,412567,21354.0,B001283,True,Bridenstine,,,3.0,1.6,2018,ocd-division/country:us/state:ok/cd:1,,R,202-225-2211,6,OK,0.0,187.0,RepJBridenstine,http://bridenstine.house.gov,97.83,135894.0
N00033495,623720,5,susanwbrooks.house.gov,Susan,412539,21331.0,B001284,True,Brooks,,,0.0,0.0,2018,ocd-division/country:us/state:in/cd:5,,R,202-225-2276,6,IN,0.0,187.0,SusanWBrooks,http://susanwbrooks.house.gov,98.93,135988.0
N00034254,79783,26,juliabrownley.house.gov,Julia,412516,21308.0,B001285,True,Brownley,,,0.0,0.0,2018,ocd-division/country:us/state:ca/cd:26,,D,202-225-5811,6,CA,0.0,187.0,JuliaBrownley26,http://juliabrownley.house.gov,95.19,59904.0
N00033390,63949,17,bustos.house.gov,Cheri,412537,21329.0,B001286,True,Bustos,,,3.0,1.6,2018,ocd-division/country:us/state:il/cd:17,,D,202-225-5905,6,IL,0.0,187.0,RepCheri,https://bustos.house.gov,95.11,134964.0
N00030717,1033636,7,bera.house.gov,Ami,412512,21304.0,B001287,True,Bera,,,0.0,0.0,2018,ocd-division/country:us/state:ca/cd:7,,D,202-225-5716,6,CA,0.0,187.0,RepBera,http://bera.house.gov,91.98,120030.0
N00035380,73486,1,byrne.house.gov,Bradley,412601,21376.0,B001289,True,Byrne,,,2.0,1.07,2018,ocd-division/country:us/state:al/cd:1,,R,202-225-4931,6,AL,0.0,187.0,RepByrne,https://byrne.house.gov,97.84,27584.0
N00036013,75248,7,brat.house.gov,David,412605,21553.0,B001290,True,Brat,,A.,2.0,1.07,2018,ocd-division/country:us/state:va/cd:7,,R,202-225-2815,6,VA,0.0,187.0,RepDaveBrat,http://brat.house.gov,96.76,152270.0
N00005736,44883,36,babin.house.gov,Brian,412655,21551.0,B001291,True,Babin,,,0.0,0.0,2018,ocd-division/country:us/state:tx/cd:36,,R,202-225-1555,4,TX,0.0,187.0,RepBrianBabin,http://babin.house.gov,97.86,360.0
N00036018,21141,8,beyer.house.gov,Donald,412657,21554.0,B001292,True,Beyer,,,11.0,5.88,2018,ocd-division/country:us/state:va/cd:8,,D,202-225-4376,4,VA,0.0,187.0,repdonbeyer,http://beyer.house.gov,95.45,1707.0
N00036449,78290,8,,Mike,412635,21527.0,B001293,True,Bishop,,,1.0,0.53,2018,ocd-division/country:us/state:mi/cd:8,,R,202-225-4872,4,MI,0.0,187.0,RepMikeBishop,https://mikebishop.house.gov,98.92,20157.0
N00033744,623771,1,,Rod,412627,21520.0,B001294,True,Blum,,,0.0,0.0,2018,ocd-division/country:us/state:ia/cd:1,,R,202-225-2911,4,IA,0.0,187.0,RepRodBlum,https://blum.house.gov,94.12,
N00035420,76176,12,,Mike,412629,21519.0,B001295,True,Bost,,,1.0,0.53,2018,ocd-division/country:us/state:il/cd:12,,R,202-225-5661,4,IL,0.0,187.0,RepBost,https://bost.house.gov,97.31,
N00035307,76428,13,,Brendan,412652,21548.0,B001296,True,Boyle,,,13.0,6.95,2018,ocd-division/country:us/state:pa/cd:13,,D,202-225-6111,4,PA,0.0,187.0,RepBrendanBoyle,https://boyle.house.gov,97.13,47357.0
N00030829,78285,4,,Ken,412619,21510.0,B001297,True,Buck,,,2.0,1.07,2018,ocd-division/country:us/state:co/cd:4,,R,202-225-4676,4,CO,0.0,187.0,RepKenBuck,https://buck.house.gov,95.68,125319.0
N00037049,103442,2,bacon.house.gov,Don,412713,,B001298,True,Bacon,,,0.0,0.0,2018,ocd-division/country:us/state:ne/cd:2,,R,202-225-4155,2,NE,0.0,187.0,,https://bacon.house.gov,98.4,166299.0
N00037185,89806,3,banks.house.gov,Jim,412702,,B001299,True,Banks,,,1.0,0.53,2018,ocd-division/country:us/state:in/cd:3,,R,202-225-4436,2,IN,0.0,187.0,RepJimBanks,https://banks.house.gov,98.39,116801.0
N00037019,104730,44,barragan.house.gov,Nanette,412687,,B001300,True,Barragán,,,2.0,1.07,2018,ocd-division/country:us/state:ca/cd:44,,D,202-225-8220,2,CA,0.0,187.0,RepBarragan,https://barragan.house.gov,96.76,166270.0
N00039533,1020529,1,bergman.house.gov,Jack,412709,,B001301,True,Bergman,,,0.0,0.0,2018,ocd-division/country:us/state:mi/cd:1,,R,202-225-4735,2,MI,0.0,187.0,RepJackBergman,https://bergman.house.gov,97.86,170172.0
N00039293,105145,5,biggs.house.gov,Andy,412683,,B001302,True,Biggs,,,0.0,0.0,2018,ocd-division/country:us/state:az/cd:5,,R,202-225-2635,2,AZ,0.0,187.0,RepAndyBiggsAZ,https://biggs.house.gov,96.26,28088.0
N00038414,104772,1,bluntrochester.house.gov,Lisa,412689,,B001303,True,Blunt Rochester,,,3.0,1.6,2018,ocd-division/country:us/state:de/cd:1,,D,202-225-4165,2,DE,0.0,187.0,RepBRochester,https://bluntrochester.house.gov,97.28,173249.0
N00036999,1029537,4,anthonybrown.house.gov,Anthony,412707,,B001304,True,Brown,,,13.0,6.95,2018,ocd-division/country:us/state:md/cd:4,,D,202-225-8699,2,MD,0.0,187.0,,https://anthonybrown.house.gov,97.13,19344.0
N00039551,103513,13,budd.house.gov,Ted,412712,,B001305,True,Budd,,,0.0,0.0,2018,ocd-division/country:us/state:nc/cd:13,,R,202-225-4531,2,NC,0.0,187.0,RepTedBudd,https://budd.house.gov,97.86,171489.0
N00007099,26709,42,calvert.house.gov,Ken,400057,29323.0,C000059,True,Calvert,,,2.0,1.07,2018,ocd-division/country:us/state:ca/cd:42,,R,202-225-1986,26,CA,0.0,187.0,KenCalvert,http://calvert.house.gov,98.92,26777.0
N00003689,36705,1,chabot.house.gov,Steven,400071,29550.0,C000266,True,Chabot,,J.,0.0,0.0,2018,ocd-division/country:us/state:oh/cd:1,,R,202-225-2216,8,OH,0.0,187.0,RepSteveChabot,http://chabot.house.gov,98.93,21790.0
N00002408,21607,6,clyburn.house.gov,James,400075,39301.0,C000537,True,Clyburn,,E.,10.0,5.35,2018,ocd-division/country:us/state:sc/cd:6,,D,202-225-3315,26,SC,0.0,187.0,Clyburn,http://clyburn.house.gov,96.05,27066.0
N00004029,1824,13,conyers.house.gov,John,400080,10713.0,C000714,True,Conyers Jr.,,,6.0,3.21,2018,ocd-division/country:us/state:mi/cd:13,,D,202-225-5126,54,MI,0.0,187.0,RepJohnConyers,https://conyers.house.gov,96.13,26904.0
N00003132,1201,5,www.cooper.house.gov,Jim,400081,15019.0,C000754,True,Cooper,,,2.0,1.07,2018,ocd-division/country:us/state:tn/cd:5,,D,202-225-4311,16,TN,0.0,187.0,RepJimCooper,http://cooper.house.gov,90.27,48891.0
N00001971,43300,7,cummings.house.gov,Elijah,400090,29587.0,C000984,True,Cummings,,E.,11.0,5.88,2018,ocd-division/country:us/state:md/cd:7,,D,202-225-4741,24,MD,0.0,187.0,RepCummings,https://cummings.house.gov,96.02,345.0
N00000267,56760,7,www.house.gov/capuano/,Michael,400063,29919.0,C001037,True,Capuano,,E.,2.0,1.07,2018,ocd-division/country:us/state:ma/cd:7,,D,202-225-5111,20,MA,1.0,187.0,RepMikeCapuano,http://capuano.house.gov,93.51,18883.0
N00001127,57880,14,crowley.house.gov,Joseph,400087,29925.0,C001038,True,Crowley,,,6.0,3.21,2018,ocd-division/country:us/state:ny/cd:14,,D,202-225-3965,20,NY,0.0,187.0,RepJoeCrowley,http://crowley.house.gov,96.69,4295.0
N00009738,88078,7,culberson.house.gov,John,400089,20139.0,C001048,True,Culberson,,,3.0,1.6,2018,ocd-division/country:us/state:tx/cd:7,,R,202-225-2571,18,TX,0.0,187.0,CongCulberson,http://culberson.house.gov,98.91,5488.0
N00012460,88332,1,lacyclay.house.gov,William,400074,20147.0,C001049,True,Clay,,Lacy,5.0,2.67,2018,ocd-division/country:us/state:mo/cd:1,,D,202-225-2406,18,MO,0.0,187.0,,https://lacyclay.house.gov,96.15,8967.0
N00025095,1004257,31,carter.house.gov,John,400068,20356.0,C001051,True,Carter,,,0.0,0.0,2018,ocd-division/country:us/state:tx/cd:31,,R,202-225-3864,16,TX,0.0,187.0,JudgeCarter,https://carter.house.gov,97.86,49296.0
N00025726,1003609,4,cole.house.gov,Tom,400077,20344.0,C001053,True,Cole,,,1.0,0.53,2018,ocd-division/country:us/state:ok/cd:4,,R,202-225-6165,16,OK,0.0,187.0,TomColeOK04,https://cole.house.gov,97.31,46034.0
N00026341,19599,16,costa.house.gov,Jim,400618,20501.0,C001059,True,Costa,,,8.0,4.28,2018,ocd-division/country:us/state:ca/cd:16,,D,202-225-3341,14,CA,0.0,187.0,RepJimCosta,https://costa.house.gov,83.24,3577.0
N00026790,10933,5,cleaver.house.gov,Emanuel,400639,20517.0,C001061,True,Cleaver II,,,32.0,17.11,2018,ocd-division/country:us/state:mo/cd:5,,D,202-225-4535,14,MO,0.0,187.0,RepCleaver,http://cleaver.house.gov,96.77,39507.0
N00026041,1004595,11,conaway.house.gov,K.,400655,20531.0,C001062,True,Conaway,,Michael,0.0,0.0,2018,ocd-division/country:us/state:tx/cd:11,,R,202-225-3605,14,TX,0.0,187.0,ConawayTX11,http://conaway.house.gov,96.79,49935.0
N00024978,1013062,28,cuellar.house.gov,Henry,400657,20533.0,C001063,True,Cuellar,,,1.0,0.53,2018,ocd-division/country:us/state:tx/cd:28,,D,202-225-1640,14,TX,0.0,187.0,RepCuellar,http://cuellar.house.gov,80.11,5486.0
N00027514,1022874,14,castor.house.gov,Kathy,412195,20708.0,C001066,True,Castor,,,2.0,1.07,2018,ocd-division/country:us/state:fl/cd:14,,D,202-225-3376,12,FL,0.0,187.0,USRepKCastor,http://castor.house.gov,97.3,53825.0
N00026961,1022875,9,clarke.house.gov,Yvette,412221,20733.0,C001067,True,Clarke,,D.,4.0,2.14,2018,ocd-division/country:us/state:ny/cd:9,,D,202-225-6231,12,NY,0.0,187.0,RepYvetteClarke,https://clarke.house.gov,96.72,44741.0
N00003225,1022876,9,cohen.house.gov,Steve,412236,20748.0,C001068,True,Cohen,,,0.0,0.0,2018,ocd-division/country:us/state:tn/cd:9,,D,202-225-3265,12,TN,0.0,187.0,RepCohen,https://cohen.house.gov,94.12,24340.0
N00024842,1021284,2,courtney.house.gov,Joe,412193,20706.0,C001069,True,Courtney,,,0.0,0.0,2018,ocd-division/country:us/state:ct/cd:2,,D,202-225-2076,12,CT,0.0,187.0,RepJoeCourtney,https://courtney.house.gov,96.26,30333.0
N00029513,1027364,7,carson.house.gov,André,412258,20757.0,C001072,True,Carson,,,6.0,3.21,2018,ocd-division/country:us/state:in/cd:7,,D,202-225-4011,12,IN,0.0,187.0,RepAndreCarson,http://carson.house.gov,95.03,84917.0
N00028958,1031362,3,chaffetz.house.gov,Jason,412270,20949.0,C001076,True,Chaffetz,,,2.0,1.07,2018,ocd-division/country:us/state:ut/cd:3,,R,202-225-7751,10,UT,0.0,187.0,JasonInTheHouse,https://chaffetz.house.gov,97.84,103482.0
N00024753,1031340,6,coffman.house.gov,Mike,412271,20906.0,C001077,True,Coffman,,,2.0,1.07,2018,ocd-division/country:us/state:co/cd:6,,R,202-225-7882,10,CO,0.0,187.0,RepMikeCoffman,http://coffman.house.gov,97.3,1535.0
N00029891,1015936,11,connolly.house.gov,Gerald,412272,20952.0,C001078,True,Connolly,,E.,0.0,0.0,2018,ocd-division/country:us/state:va/cd:11,,D,202-225-1492,10,VA,0.0,187.0,GerryConnolly,https://connolly.house.gov,94.12,95078.0
N00030600,92573,27,chu.house.gov,Judy,412379,20955.0,C001080,True,Chu,,,4.0,2.14,2018,ocd-division/country:us/state:ca/cd:27,,D,202-225-5464,12,CA,0.0,187.0,RepJudyChu,https://chu.house.gov,96.72,16539.0
N00032019,1033865,1,cicilline.house.gov,David,412470,21172.0,C001084,True,Cicilline,,,3.0,1.6,2018,ocd-division/country:us/state:ri/cd:1,,D,202-225-4911,8,RI,0.0,187.0,RepCicilline,http://cicilline.house.gov,97.28,7349.0
N00030770,623259,1,crawford.house.gov,Rick,412400,21106.0,C001087,True,Crawford,,,7.0,3.74,2018,ocd-division/country:us/state:ar/cd:1,,R,202-225-4076,8,AR,0.0,187.0,RepRickCrawford,http://crawford.house.gov,98.89,119208.0
N00034128,79865,17,cartwright.house.gov,Matt,412571,21358.0,C001090,True,Cartwright,,,1.0,0.53,2018,ocd-division/country:us/state:pa/cd:17,,D,202-225-5546,6,PA,0.0,187.0,RepCartwright,http://cartwright.house.gov,94.62,136236.0
N00033316,63974,20,castro.house.gov,Joaquín,412576,21362.0,C001091,True,Castro,,,3.0,1.6,2018,ocd-division/country:us/state:tx/cd:20,,D,202-225-3236,6,TX,0.0,187.0,JoaquinCastrotx,https://castro.house.gov,96.2,49227.0
N00001285,94144,27,chriscollins.house.gov,Chris,412563,21345.0,C001092,True,Collins,,,30.0,16.04,2018,ocd-division/country:us/state:ny/cd:27,,R,202-225-5265,6,NY,0.0,187.0,RepChrisCollins,https://chriscollins.house.gov,98.73,139770.0
N00033518,79719,9,dougcollins.house.gov,Doug,412531,21323.0,C001093,True,Collins,,,1.0,0.53,2018,ocd-division/country:us/state:ga/cd:9,,R,202-225-9893,6,GA,0.0,187.0,RepDougCollins,https://dougcollins.house.gov,97.31,67851.0
N00034224,68278,8,cook.house.gov,Paul,412513,21305.0,C001094,True,Cook,,,0.0,0.0,2018,ocd-division/country:us/state:ca/cd:8,,R,202-225-5861,6,CA,0.0,187.0,RepPaulCook,http://cook.house.gov,98.4,58121.0
N00004614,7600,1,cramer.house.gov,Kevin,412555,21350.0,C001096,True,Cramer,,,2.0,1.07,2018,ocd-division/country:us/state:nd/cd:1,,R,202-225-2611,6,ND,0.0,187.0,RepKevinCramer,http://cramer.house.gov,98.92,444.0
N00033373,63934,29,cardenas.house.gov,Tony,412517,21309.0,C001097,True,Cardenas,,,1.0,0.53,2018,ocd-division/country:us/state:ca/cd:29,,D,202-225-6131,6,CA,0.0,187.0,RepCardenas,https://cardenas.house.gov,96.24,9754.0
N00035278,73178,5,katherineclark.house.gov,Katherine,412600,21375.0,C001101,True,Clark,,,14.0,7.49,2018,ocd-division/country:us/state:ma/cd:5,,D,202-225-2836,6,MA,0.0,187.0,RepKClark,https://katherineclark.house.gov,95.95,35858.0
N00035346,76158,1,buddycarter.house.gov,Buddy,412622,21513.0,C001103,True,Carter,,,6.0,3.21,2018,ocd-division/country:us/state:ga/cd:1,,R,202-225-5831,4,GA,0.0,187.0,RepBuddyCarter,http://buddycarter.house.gov,96.69,32085.0
N00036023,57186,10,,Barbara,412658,21555.0,C001105,True,Comstock,,,5.0,2.67,2018,ocd-division/country:us/state:va/cd:10,,R,202-225-5136,4,VA,0.0,187.0,RepComstock,https://comstock.house.gov,98.9,112252.0
N00031064,95125,6,,Ryan,412651,21547.0,C001106,True,Costello,,,1.0,0.53,2018,ocd-division/country:us/state:pa/cd:6,,R,202-225-4315,4,PA,0.0,187.0,RepRyanCostello,https://costello.house.gov,96.77,133557.0
N00035403,70472,26,curbelo.house.gov,Carlos,412621,21512.0,C001107,True,Curbelo,,,4.0,2.14,2018,ocd-division/country:us/state:fl/cd:26,,R,202-225-2778,4,FL,0.0,187.0,RepCurbelo,http://curbelo.house.gov,87.98,137676.0
N00038260,76619,1,comer.house.gov,James,412676,21565.0,C001108,True,Comer,,,3.0,1.6,2018,ocd-division/country:us/state:ky/cd:1,,R,202-225-3115,4,KY,0.0,187.0,,https://comer.house.gov,98.91,35169.0
N00035504,86147,1,cheney.house.gov,Liz,412732,,C001109,True,Cheney,,,0.0,0.0,2018,ocd-division/country:us/state:wy/cd:1,,R,202-225-2311,2,WY,0.0,187.0,RepLizCheney,https://cheney.house.gov,98.93,145932.0
N00037260,46310,46,correa.house.gov,J.,412688,,C001110,True,Correa,,Luis,3.0,1.6,2018,ocd-division/country:us/state:ca/cd:46,,D,202-225-2965,2,CA,0.0,187.0,,https://correa.house.gov,92.93,9732.0
N00002942,7960,13,crist.house.gov,Charlie,412697,,C001111,True,Crist,,,4.0,2.14,2018,ocd-division/country:us/state:fl/cd:13,,D,202-225-5961,2,FL,0.0,187.0,repcharliecrist,https://crist.house.gov,92.35,24311.0
N00037015,104728,24,carbajal.house.gov,Salud,412686,,C001112,True,Carbajal,,,0.0,0.0,2018,ocd-division/country:us/state:ca/cd:24,,D,202-225-3601,2,CA,0.0,187.0,RepCarbajal,https://carbajal.house.gov,95.19,81569.0
N00004884,44325,7,www.davis.house.gov,Danny,400093,29717.0,D000096,True,Davis,,K.,23.0,12.3,2018,ocd-division/country:us/state:il/cd:7,,D,202-225-5006,22,IL,0.0,187.0,RepDannyDavis,https://davis.house.gov,96.95,233.0
N00007781,6068,4,www.defazio.house.gov,Peter,400100,15410.0,D000191,True,DeFazio,,A.,2.0,1.07,2018,ocd-division/country:us/state:or/cd:4,,D,202-225-6416,32,OR,0.0,187.0,RepPeterDeFazio,http://defazio.house.gov,94.59,27037.0
N00006134,90293,1,degette.house.gov,Diana,400101,29710.0,D000197,True,DeGette,,,2.0,1.07,2018,ocd-division/country:us/state:co/cd:1,,D,202-225-4431,22,CO,0.0,187.0,RepDianaDeGette,http://degette.house.gov,96.76,561.0
N00000615,19040,3,delauro.house.gov,Rosa,400103,29109.0,D000216,True,DeLauro,,,1.0,0.53,2018,ocd-division/country:us/state:ct/cd:3,,D,202-225-3661,28,CT,0.0,187.0,RosaDeLauro,https://delauro.house.gov,96.24,26788.0
N00006023,36810,35,doggett.house.gov,Lloyd,400111,29571.0,D000399,True,Doggett,,,2.0,1.07,2018,ocd-division/country:us/state:tx/cd:35,,D,202-225-4865,24,TX,0.0,187.0,RepLloydDoggett,https://doggett.house.gov,96.22,21689.0
N00001373,36774,14,doyle.house.gov,Mike,400114,29561.0,D000482,True,Doyle,,,1.0,0.53,2018,ocd-division/country:us/state:pa/cd:14,,D,202-225-2135,24,PA,0.0,187.0,USRepMikeDoyle,http://doyle.house.gov,97.31,21853.0
N00003209,6114,2,duncan.house.gov,John,400116,15455.0,D000533,True,Duncan Jr.,,J.,4.0,2.14,2018,ocd-division/country:us/state:tn/cd:2,,R,202-225-5435,32,TN,0.0,187.0,RepJohnDuncanJr,http://duncan.house.gov,93.44,27069.0
N00009604,85595,53,house.gov/susandavis,Susan,400097,20108.0,D000598,True,Davis,,A.,22.0,11.76,2018,ocd-division/country:us/state:ca/cd:53,,D,202-225-2040,18,CA,0.0,187.0,RepSusanDavis,https://susandavis.house.gov,95.76,8168.0
N00025337,1003562,25,mariodiazbalart.house.gov,Mario,400108,20316.0,D000600,True,Diaz-Balart,,,1.0,0.53,2018,ocd-division/country:us/state:fl/cd:25,,R,202-225-4211,16,FL,0.0,187.0,MarioDB,http://mariodiazbalart.house.gov,97.31,24312.0
N00026171,1011395,15,dent.house.gov,Charlie,400648,20526.0,D000604,True,Dent,,,2.0,1.07,2018,ocd-division/country:us/state:pa/cd:15,,R,202-225-6411,14,PA,0.0,187.0,RepCharlieDent,https://dent.house.gov,96.76,9121.0
N00031317,9267613,22,teddeutch.house.gov,Ted,412385,20959.0,D000610,True,Deutch,,,25.0,13.37,2018,ocd-division/country:us/state:fl/cd:22,,D,202-225-3001,10,FL,0.0,187.0,RepTedDeutch,http://teddeutch.house.gov,97.53,67151.0
N00031593,623287,10,denham.house.gov,Jeffrey,412403,21109.0,D000612,True,Denham,,,2.0,1.07,2018,ocd-division/country:us/state:ca/cd:10,,R,202-225-4540,8,CA,0.0,187.0,RepJeffDenham,http://denham.house.gov,96.76,28769.0
N00030967,623570,7,duffy.house.gov,Sean,412488,21189.0,D000614,True,Duffy,,,7.0,3.74,2018,ocd-division/country:us/state:wi/cd:7,,R,202-225-3365,8,WI,0.0,187.0,RepSeanDuffy,https://duffy.house.gov,97.22,126238.0
N00030752,62713,3,jeffduncan.house.gov,Jeffrey,412472,21174.0,D000615,True,Duncan,,,16.0,8.56,2018,ocd-division/country:us/state:sc/cd:3,,R,202-225-5301,8,SC,0.0,187.0,RepJeffDuncan,http://jeffduncan.house.gov,98.25,47967.0
N00030957,623517,4,desjarlais.house.gov,Scott,412477,21179.0,D000616,True,DesJarlais,,,7.0,3.74,2018,ocd-division/country:us/state:tn/cd:4,,R,202-225-6831,8,TN,0.0,187.0,DesJarlaisTN04,https://desjarlais.house.gov,97.78,123473.0
N00030693,1033929,1,delbene.house.gov,Suzan,412505,31101.0,D000617,True,DelBene,,K.,2.0,1.07,2018,ocd-division/country:us/state:wa/cd:1,,D,202-225-6311,8,WA,0.0,187.0,RepDelBene,https://delbene.house.gov,95.14,126272.0
N00034784,68337,13,rodneydavis.house.gov,Rodney,412536,21328.0,D000619,True,Davis,,,8.0,4.28,2018,ocd-division/country:us/state:il/cd:13,,R,202-225-2371,6,IL,0.0,187.0,RodneyDavis,http://rodneydavis.house.gov,97.21,9622.0
N00033897,68432,6,delaney.house.gov,John,412544,21334.0,D000620,True,Delaney,,,4.0,2.14,2018,ocd-division/country:us/state:md/cd:6,,D,202-225-2721,6,MD,0.0,187.0,RepJohnDelaney,http://delaney.house.gov,94.54,135143.0
N00034746,79744,6,desantis.house.gov,Ron,412526,21318.0,D000621,True,DeSantis,,,0.0,0.0,2018,ocd-division/country:us/state:fl/cd:6,,R,202-225-2706,2,FL,0.0,187.0,RepDeSantis,http://desantis.house.gov,97.33,137630.0
N00030709,61736,11,,Mark,412613,21504.0,D000623,True,DeSaulnier,,,2.0,1.07,2018,ocd-division/country:us/state:ca/cd:11,,D,202-225-2095,4,CA,0.0,187.0,RepDeSaulnier,https://desaulnier.house.gov,96.22,
N00036149,20818,12,,Debbie,412637,21529.0,D000624,True,Dingell,,,6.0,3.21,2018,ocd-division/country:us/state:mi/cd:12,,D,202-225-4071,4,MI,0.0,187.0,RepDebDingell,https://debbiedingell.house.gov,97.79,152482.0
N00036928,74763,11,donovan.house.gov,Daniel,412672,,D000625,True,Donovan,,M.,0.0,0.0,2018,ocd-division/country:us/state:ny/cd:11,,R,202-225-3371,4,NY,0.0,187.0,RepDanDonovan,https://donovan.house.gov,96.79,127760.0
N00038767,102555,8,davidson.house.gov,Warren,412675,21564.0,D000626,True,Davidson,,,2.0,1.07,2018,ocd-division/country:us/state:oh/cd:8,,R,202-225-6205,4,OH,0.0,187.0,WarrenDavidson,https://davidson.house.gov,98.38,166760.0
N00033449,623713,10,demings.house.gov,Val,412696,,D000627,True,Demings,,,3.0,1.6,2018,ocd-division/country:us/state:fl/cd:10,,D,202-225-2176,2,FL,0.0,187.0,RepValDemings,https://demings.house.gov,97.28,137637.0
N00037442,104529,2,dunn.house.gov,Neal,412691,,D000628,True,Dunn,,,2.0,1.07,2018,ocd-division/country:us/state:fl/cd:2,,R,202-225-5235,2,FL,0.0,187.0,drnealdunnfl2,https://dunn.house.gov,98.92,166297.0
N00001003,6109,16,engel.house.gov,Eliot,400122,15603.0,E000179,True,Engel,,L.,5.0,2.67,2018,ocd-division/country:us/state:ny/cd:16,,D,202-225-2464,30,NY,0.0,187.0,RepEliotEngel,https://engel.house.gov,97.25,26972.0
N00007335,26130,18,eshoo.house.gov,Anna,400124,29312.0,E000215,True,Eshoo,,G.,0.0,0.0,2018,ocd-division/country:us/state:ca/cd:18,,D,202-225-8104,26,CA,0.0,187.0,RepAnnaEshoo,http://eshoo.house.gov,96.26,26741.0
N00028257,1022556,5,ellison.house.gov,Keith,412215,20727.0,E000288,True,Ellison,,,10.0,5.35,2018,ocd-division/country:us/state:mn/cd:5,,D,202-225-4755,12,MN,0.0,187.0,KeithEllison,https://ellison.house.gov,93.79,38982.0
N00033217,1020906,5,esty.house.gov,Elizabeth,412524,21316.0,E000293,True,Esty,,,0.0,0.0,2018,ocd-division/country:us/state:ct/cd:5,,D,202-225-4476,6,CT,0.0,187.0,RepEsty,https://esty.house.gov,95.72,72826.0
N00035440,75567,6,,Tom,412639,21531.0,E000294,True,Emmer,,,2.0,1.07,2018,ocd-division/country:us/state:mn/cd:6,,R,202-225-2331,4,MN,0.0,187.0,RepTomEmmer,https://emmer.house.gov,98.92,38894.0
N00038450,56729,2,evans.house.gov,Dwight,412677,21566.0,E000296,True,Evans,,,6.0,3.21,2018,ocd-division/country:us/state:pa/cd:2,,D,202-225-4001,4,PA,1.0,187.0,,https://evans.house.gov,96.69,9128.0
N00034549,68413,13,espaillat.house.gov,Adriano,412718,,E000297,True,Espaillat,,,1.0,0.53,2018,ocd-division/country:us/state:ny/cd:13,,D,202-225-4365,2,NY,0.0,187.0,RepEspaillat,https://espaillat.house.gov,96.77,14379.0
N00000684,37781,11,frelinghuysen.house.gov,Rodney,400142,29541.0,F000372,True,Frelinghuysen,,,1.0,0.53,2018,ocd-division/country:us/state:nj/cd:11,,R,202-225-5034,24,NJ,0.0,187.0,USRepRodney,https://frelinghuysen.house.gov,98.92,22177.0
N00006423,1003550,8,franks.house.gov,Trent,400141,20304.0,F000448,True,Franks,,,1.0,0.53,2018,ocd-division/country:us/state:az/cd:8,,R,202-225-4576,16,AZ,0.0,187.0,RepTrentFranks,https://franks.house.gov,98.39,28399.0
N00026631,1013049,1,fortenberry.house.gov,Jeff,400640,20518.0,F000449,True,Fortenberry,,,7.0,3.74,2018,ocd-division/country:us/state:ne/cd:1,,R,202-225-4806,14,NE,0.0,187.0,JeffFortenberry,https://fortenberry.house.gov,98.89,41929.0
N00026166,1013052,5,foxx.house.gov,Virginia,400643,20521.0,F000450,True,Foxx,,,0.0,0.0,2018,ocd-division/country:us/state:nc/cd:5,,R,202-225-2071,12,NC,0.0,187.0,VirginiaFoxx,http://foxx.house.gov,97.33,6051.0
N00029139,1027346,11,foster.house.gov,Bill,412257,20749.0,F000454,True,Foster,,,0.0,0.0,2018,ocd-division/country:us/state:il/cd:11,,D,202-225-3515,6,IL,0.0,187.0,RepBillFoster,http://foster.house.gov,96.26,101632.0
N00030490,1030928,11,fudge.house.gov,Marcia,412327,20941.0,F000455,True,Fudge,,L.,10.0,5.35,2018,ocd-division/country:us/state:oh/cd:11,,D,202-225-7032,12,OH,0.0,187.0,RepMarciaFudge,https://fudge.house.gov,95.48,110640.0
N00030815,95146,3,fleischmann.house.gov,Chuck,412476,21178.0,F000459,True,Fleischmann,,,0.0,0.0,2018,ocd-division/country:us/state:tn/cd:3,,R,202-225-3271,8,TN,0.0,187.0,RepChuck,http://fleischmann.house.gov,98.4,123456.0
N00031672,95180,27,farenthold.house.gov,Blake,412482,21184.0,F000460,True,Farenthold,,,0.0,0.0,2018,ocd-division/country:us/state:tx/cd:27,,R,202-225-7742,8,TX,0.0,187.0,Farenthold,http://farenthold.house.gov,98.93,116919.0
N00031545,623540,17,flores.house.gov,Bill,412480,21182.0,F000461,True,Flores,,,0.0,0.0,2018,ocd-division/country:us/state:tx/cd:17,,R,202-225-6105,8,TX,0.0,187.0,RepBillFlores,http://flores.house.gov,96.79,116906.0
N00002893,623714,21,frankel.house.gov,Lois,412529,21321.0,F000462,True,Frankel,,,20.0,10.7,2018,ocd-division/country:us/state:fl/cd:21,,D,202-225-9890,6,FL,0.0,187.0,RepLoisFrankel,http://frankel.house.gov,97.01,8102.0
N00037288,1021406,19,faso.house.gov,John,412719,,F000464,True,Faso,,,4.0,2.14,2018,ocd-division/country:us/state:ny/cd:19,,R,202-225-5614,2,NY,0.0,187.0,RepJohnFaso,https://faso.house.gov,95.63,4311.0
N00039090,104731,3,ferguson.house.gov,A.,412700,,F000465,True,Ferguson,,Drew,0.0,0.0,2018,ocd-division/country:us/state:ga/cd:3,,R,202-225-5901,2,GA,0.0,187.0,RepDrewFerguson,https://ferguson.house.gov,98.4,168132.0
N00038779,103537,8,brianfitzpatrick.house.gov,Brian,412721,,F000466,True,Fitzpatrick,,,1.0,0.53,2018,ocd-division/country:us/state:pa/cd:8,,R,202-225-4276,2,PA,0.0,187.0,repbrianfitz,https://brianfitzpatrick.house.gov,89.78,167708.0
N00009154,27025,6,goodlatte.house.gov,Robert,400154,39308.0,G000289,True,Goodlatte,,W.,1.0,0.53,2018,ocd-division/country:us/state:va/cd:6,,R,202-225-5431,26,VA,0.0,187.0,RepGoodlatte,https://goodlatte.house.gov,98.92,27116.0
N00008799,45709,12,kaygranger.house.gov,Kay,400157,29762.0,G000377,True,Granger,,,0.0,0.0,2018,ocd-division/country:us/state:tx/cd:12,,R,202-225-5071,22,TX,0.0,187.0,RepKayGranger,http://kaygranger.house.gov,98.4,334.0
N00005870,26156,29,green.house.gov,Gene,400160,39304.0,G000410,True,Green,,,7.0,3.74,2018,ocd-division/country:us/state:tx/cd:29,,D,202-225-1688,26,TX,0.0,187.0,RepGeneGreen,https://green.house.gov,91.67,27100.0
N00004874,23476,4,gutierrez.house.gov,Luis,400163,29348.0,G000535,True,Gutiérrez,,V.,30.0,16.04,2018,ocd-division/country:us/state:il/cd:4,,D,202-225-8203,26,IL,0.0,187.0,LuisGutierrez,https://gutierrez.house.gov,92.99,26841.0
N00013323,89873,6,graves.house.gov,Sam,400158,20124.0,G000546,True,Graves,,,0.0,0.0,2018,ocd-division/country:us/state:mo/cd:6,,R,202-225-7041,18,MO,0.0,187.0,RepSamGraves,https://graves.house.gov,97.33,9425.0
N00025284,1003551,3,grijalva.house.gov,Raúl,400162,20305.0,G000551,True,Grijalva,,M.,14.0,7.49,2018,ocd-division/country:us/state:az/cd:3,,D,202-225-2435,16,AZ,0.0,187.0,RepraulGrijalva,https://grijalva.house.gov,96.53,28253.0
N00026148,1011394,1,gohmert.house.gov,Louie,400651,20527.0,G000552,True,Gohmert,,,4.0,2.14,2018,ocd-division/country:us/state:tx/cd:1,,R,202-225-3035,14,TX,0.0,187.0,RepLouieGohmert,https://gohmert.house.gov,95.63,50029.0
N00026686,1012969,9,algreen.house.gov,Al,400653,20529.0,G000553,True,Green,,,7.0,3.74,2018,ocd-division/country:us/state:tx/cd:9,,D,202-225-7508,14,TX,0.0,187.0,RepAlGreen,http://algreen.house.gov,93.89,49680.0
N00029675,1031343,2,guthrie.house.gov,Brett,412278,20916.0,G000558,True,Guthrie,,,0.0,0.0,2018,ocd-division/country:us/state:ky/cd:2,,R,202-225-3501,10,KY,0.0,187.0,RepGuthrie,https://guthrie.house.gov,98.93,18829.0
N00030856,18413,3,garamendi.house.gov,John,412382,20958.0,G000559,True,Garamendi,,,2.0,1.07,2018,ocd-division/country:us/state:ca/cd:3,,D,202-225-1880,10,CA,0.0,187.0,RepGaramendi,http://garamendi.house.gov,97.3,29664.0
N00030788,11519,14,tomgraves.house.gov,Tom,412388,20962.0,G000560,True,Graves,,,1.0,0.53,2018,ocd-division/country:us/state:ga/cd:14,,R,202-225-5211,10,GA,0.0,187.0,RepTomGraves,http://tomgraves.house.gov,96.24,31969.0
N00031128,1033844,7,gibbs.house.gov,Bob,412463,21165.0,G000563,True,Gibbs,,,2.0,1.07,2018,ocd-division/country:us/state:oh/cd:7,,R,202-225-6265,8,OH,0.0,187.0,RepBobGibbs,https://gibbs.house.gov,96.76,45466.0
N00030771,62470,4,gosar.house.gov,Paul,412397,21103.0,G000565,True,Gosar,,,7.0,3.74,2018,ocd-division/country:us/state:az/cd:4,,R,202-225-2315,8,AZ,0.0,187.0,RepGosar,http://gosar.house.gov,96.11,123491.0
N00030880,9268950,4,gowdy.house.gov,Trey,412473,21175.0,G000566,True,Gowdy,,,1.0,0.53,2018,ocd-division/country:us/state:sc/cd:4,,R,202-225-6030,8,SC,0.0,187.0,TGowdySC,https://gowdy.house.gov,98.92,121782.0
N00032029,62766,9,morgangriffith.house.gov,Morgan,412485,21191.0,G000568,True,Griffith,,,0.0,0.0,2018,ocd-division/country:us/state:va/cd:9,,R,202-225-3861,8,VA,1.0,187.0,RepMGriffith,http://morgangriffith.house.gov,94.12,5148.0
N00033281,1025291,2,gabbard.house.gov,Tulsi,412532,21324.0,G000571,True,Gabbard,,,4.0,2.14,2018,ocd-division/country:us/state:hi/cd:2,,D,202-225-4906,6,HI,0.0,187.0,TulsiPress,https://gabbard.house.gov,91.8,129306.0
N00036097,77233,7,,Ruben,412612,21502.0,G000574,True,Gallego,,,23.0,12.3,2018,ocd-division/country:us/state:az/cd:7,,D,202-225-4065,4,AZ,0.0,187.0,RepRubenGallego,https://rubengallego.house.gov,95.12,
N00036409,77282,6,grothman.house.gov,Glenn,412661,21559.0,G000576,True,Grothman,,,1.0,0.53,2018,ocd-division/country:us/state:wi/cd:6,,R,202-225-2476,4,WI,0.0,187.0,RepGrothman,http://grothman.house.gov,96.77,3493.0
N00036135,9274609,6,,Garret,412631,21523.0,G000577,True,Graves,,,2.0,1.07,2018,ocd-division/country:us/state:la/cd:6,,R,202-225-3901,4,LA,0.0,187.0,RepGarretGraves,https://garretgraves.house.gov,97.84,155424.0
N00039503,104528,1,gaetz.house.gov,Matt,412690,,G000578,True,Gaetz,,,2.0,1.07,2018,ocd-division/country:us/state:fl/cd:1,,R,202-225-4136,2,FL,0.0,187.0,Rep_Matt_Gaetz,https://gaetz.house.gov,95.14,117101.0
N00039330,104067,8,gallagher.house.gov,Mike,412731,,G000579,True,Gallagher,,,1.0,0.53,2018,ocd-division/country:us/state:wi/cd:8,,R,202-225-5665,2,WI,0.0,187.0,RepGallagher,https://gallagher.house.gov,97.85,171843.0
N00038847,103625,5,tomgarrett.house.gov,Thomas,412729,,G000580,True,Garrett,,,2.0,1.07,2018,ocd-division/country:us/state:va/cd:5,,R,202-225-4711,2,VA,0.0,187.0,Rep_Tom_Garrett,https://tomgarrett.house.gov,97.3,134493.0
N00038809,103568,15,gonzalez.house.gov,Vicente,412725,,G000581,True,Gonzalez,,,8.0,4.28,2018,ocd-division/country:us/state:tx/cd:15,,D,202-225-2531,2,TX,0.0,187.0,RepGonzalez,https://gonzalez.house.gov,94.97,166483.0
N00037615,67353,80,gonzalez-colon.house.gov,Jenniffer,412723,,G000582,True,González-Colón,,,,,2018,ocd-division/country:us/state:pr/cd:80,,R,,2,PR,,,repjenniffer,https://gonzalez-colon.house.gov,,
N00036944,9275683,5,gottheimer.house.gov,Josh,412714,,G000583,True,Gottheimer,,,0.0,0.0,2018,ocd-division/country:us/state:nj/cd:5,,D,202-225-4465,2,NJ,0.0,187.0,RepJoshG,https://gottheimer.house.gov,87.17,169202.0
N00002884,1858,20,www.alceehastings.house.gov,Alcee,400170,29337.0,H000324,True,Hastings,,L.,6.0,3.21,2018,ocd-division/country:us/state:fl/cd:20,,D,202-225-1313,26,FL,0.0,187.0,RepHastingsFL,http://alceehastings.house.gov,95.58,26798.0
N00001821,1919,5,hoyer.house.gov,Steny,400189,14873.0,H000874,True,Hoyer,,H.,5.0,2.67,2018,ocd-division/country:us/state:md/cd:5,,D,202-225-4131,38,MD,0.0,187.0,WhipHoyer,https://hoyer.house.gov,97.25,26890.0
N00024922,1003619,5,hensarling.house.gov,Jeb,400175,20352.0,H001036,True,Hensarling,,,5.0,2.67,2018,ocd-division/country:us/state:tx/cd:5,,R,202-225-3484,16,TX,0.0,187.0,RepHensarling,http://hensarling.house.gov,98.9,49827.0
N00027060,1013050,26,higgins.house.gov,Brian,400641,20519.0,H001038,True,Higgins,,,9.0,4.81,2018,ocd-division/country:us/state:ny/cd:26,,D,202-225-3306,12,NY,0.0,187.0,RepBrianHiggins,http://higgins.house.gov,97.75,23127.0
N00029632,1031347,3,harper.house.gov,Gregg,412280,20925.0,H001045,True,Harper,,,1.0,0.53,2018,ocd-division/country:us/state:ms/cd:3,,R,202-225-5031,10,MS,0.0,187.0,GreggHarper,http://harper.house.gov,98.92,101985.0
N00029070,1031341,4,himes.house.gov,Jim,412282,20907.0,H001047,True,Himes,,,4.0,2.14,2018,ocd-division/country:us/state:ct/cd:4,,D,202-225-5541,10,CT,0.0,187.0,JAHimes,https://himes.house.gov,93.99,106744.0
N00029258,1032398,50,hunter.house.gov,Duncan,412283,20963.0,H001048,True,Hunter,,D.,5.0,2.67,2018,ocd-division/country:us/state:ca/cd:50,,R,202-225-5672,10,CA,0.0,187.0,Rep_Hunter,https://hunter.house.gov,98.35,104308.0
N00025881,61258,1,hanabusa.house.gov,Colleen,412418,21124.0,H001050,True,Hanabusa,,,2.0,1.07,2018,ocd-division/country:us/state:hi/cd:1,,D,202-225-2726,4,HI,0.0,187.0,RepHanabusa,https://hanabusa.house.gov,97.3,17745.0
N00029147,1033464,1,harris.house.gov,Andy,412434,21139.0,H001052,True,Harris,,,15.0,8.02,2018,ocd-division/country:us/state:md/cd:1,,R,202-225-5311,8,MD,0.0,187.0,RepAndyHarrisMD,http://harris.house.gov,97.67,19157.0
N00031005,95050,4,hartzler.house.gov,Vicky,412444,21149.0,H001053,True,Hartzler,,,5.0,2.67,2018,ocd-division/country:us/state:mo/cd:4,,R,202-225-2876,8,MO,0.0,187.0,RepHartzler,https://hartzler.house.gov,98.9,8783.0
N00031559,95198,3,herrerabeutler.house.gov,Jaime,412486,21187.0,H001056,True,Herrera Beutler,,,0.0,0.0,2018,ocd-division/country:us/state:wa/cd:3,,R,202-225-3536,8,WA,0.0,187.0,HerreraBeutler,http://herrerabeutler.house.gov,96.26,101907.0
N00030673,1033765,2,huizenga.house.gov,Bill,412437,21142.0,H001058,True,Huizenga,,,7.0,3.74,2018,ocd-division/country:us/state:mi/cd:2,,R,202-225-4401,8,MI,0.0,187.0,RepHuizenga,http://huizenga.house.gov,97.78,38351.0
N00031104,62575,14,hultgren.house.gov,Randy,412422,21129.0,H001059,True,Hultgren,,,0.0,0.0,2018,ocd-division/country:us/state:il/cd:14,,R,202-225-2976,8,IL,0.0,187.0,RepHultgren,http://hultgren.house.gov,98.93,18199.0
N00031557,9269006,10,dennyheck.house.gov,Denny,412584,21369.0,H001064,True,Heck,,,2.0,1.07,2018,ocd-division/country:us/state:wa/cd:10,,D,202-225-9740,6,WA,0.0,187.0,RepDennyHeck,http://dennyheck.house.gov,96.22,126058.0
N00033399,623728,2,holding.house.gov,George,412553,21349.0,H001065,True,Holding,,,0.0,0.0,2018,ocd-division/country:us/state:nc/cd:2,,R,202-225-3032,6,NC,0.0,187.0,RepHolding,http://holding.house.gov,96.79,136462.0
N00033630,79622,8,hudson.house.gov,Richard,412550,21346.0,H001067,True,Hudson,,,28.0,14.97,2018,ocd-division/country:us/state:nc/cd:8,,R,202-225-3715,6,NC,0.0,187.0,RepRichHudson,https://hudson.house.gov,96.86,136448.0
N00033030,622431,2,huffman.house.gov,Jared,412511,21303.0,H001068,True,Huffman,,,3.0,1.6,2018,ocd-division/country:us/state:ca/cd:2,,D,202-225-5161,6,CA,0.0,187.0,RepHuffman,http://huffman.house.gov,92.93,59849.0
N00032243,94974,10,hice.house.gov,Jody,412623,21514.0,H001071,True,Hice,,,0.0,0.0,2018,ocd-division/country:us/state:ga/cd:10,,R,202-225-4101,4,GA,0.0,187.0,congressmanhice,https://hice.house.gov,97.33,122246.0
N00035792,9265172,2,,French,412609,21503.0,H001072,True,Hill,,,2.0,1.07,2018,ocd-division/country:us/state:ar/cd:2,,R,202-225-2506,4,AR,0.0,187.0,RepFrenchHill,https://hill.house.gov,97.3,146290.0
N00031417,95176,23,,Will,412654,21550.0,H001073,True,Hurd,,,2.0,1.07,2018,ocd-division/country:us/state:tx/cd:23,,R,202-225-4511,4,TX,0.0,187.0,hurdonthehill,https://hurd.house.gov,96.76,116911.0
N00038429,104247,9,hollingsworth.house.gov,Trey,412703,,H001074,True,Hollingsworth,,,0.0,0.0,2018,ocd-division/country:us/state:in/cd:9,,R,202-225-5315,2,IN,0.0,187.0,reptrey,https://hollingsworth.house.gov,97.86,167423.0
N00039953,106094,3,clayhiggins.house.gov,Clay,412705,,H001077,True,Higgins,,,1.0,0.53,2018,ocd-division/country:us/state:la/cd:3,,R,202-225-2031,2,LA,0.0,187.0,,https://clayhiggins.house.gov,98.92,174484.0
N00007017,90066,49,issa.house.gov,Darrell,400196,20107.0,I000056,True,Issa,,,1.0,0.53,2018,ocd-division/country:us/state:ca/cd:49,,R,202-225-3906,18,CA,0.0,187.0,DarrellIssa,https://issa.house.gov,98.92,16553.0
N00005818,36819,18,jacksonlee.house.gov,Sheila,400199,29573.0,J000032,True,Jackson-Lee,,,11.0,5.88,2018,ocd-division/country:us/state:tx/cd:18,,D,202-225-3816,24,TX,0.0,187.0,JacksonLeeTX18,http://jacksonlee.house.gov,96.02,21692.0
N00008122,23352,30,ebjohnson.house.gov,Eddie,400204,39305.0,J000126,True,Johnson,,Bernice,13.0,6.95,2018,ocd-division/country:us/state:tx/cd:30,,D,202-225-8885,26,TX,0.0,187.0,RepEBJ,http://ebjohnson.house.gov,95.98,27098.0
N00008028,18711,3,samjohnson.house.gov,Sam,400206,29143.0,J000174,True,Johnson,,,0.0,0.0,2018,ocd-division/country:us/state:tx/cd:3,,R,202-225-4201,28,TX,0.0,187.0,SamsPressShop,http://samjohnson.house.gov,98.4,27079.0
N00002299,36693,3,jones.house.gov,Walter,400209,29546.0,J000255,True,Jones,,B.,24.0,12.83,2018,ocd-division/country:us/state:nc/cd:3,,R,202-225-3415,24,NC,1.0,187.0,RepWalterJones,http://jones.house.gov,61.35,21785.0
N00027848,1020576,4,hankjohnson.house.gov,Hank,412199,20712.0,J000288,True,Johnson,,,15.0,8.02,2018,ocd-division/country:us/state:ga/cd:4,,D,202-225-1605,12,GA,0.0,187.0,RepHankJohnson,https://hankjohnson.house.gov,96.51,68070.0
N00027894,1022879,4,jordan.house.gov,Jim,412226,20738.0,J000289,True,Jordan,,,19.0,10.16,2018,ocd-division/country:us/state:oh/cd:4,,R,202-225-2676,12,OH,0.0,187.0,Jim_Jordan,http://jordan.house.gov,95.24,8158.0
N00029077,1030550,2,lynnjenkins.house.gov,Lynn,412284,20915.0,J000290,True,Jenkins,,,25.0,13.37,2018,ocd-division/country:us/state:ks/cd:2,,R,202-225-6601,10,KS,0.0,187.0,RepLynnJenkins,https://lynnjenkins.house.gov,96.91,18594.0
N00032088,623472,6,billjohnson.house.gov,Bill,412460,21162.0,J000292,True,Johnson,,,1.0,0.53,2018,ocd-division/country:us/state:oh/cd:6,,R,202-225-5705,8,OH,0.0,187.0,RepBillJohnson,http://billjohnson.house.gov,97.31,120649.0
N00033640,79612,8,jeffries.house.gov,Hakeem,412561,21343.0,J000294,True,Jeffries,,,11.0,5.88,2018,ocd-division/country:us/state:ny/cd:8,,D,202-225-5936,6,NY,0.0,187.0,RepJeffries,http://jeffries.house.gov,97.73,55285.0
N00035007,68561,14,joyce.house.gov,Dave,412566,21353.0,J000295,True,Joyce,,,4.0,2.14,2018,ocd-division/country:us/state:oh/cd:14,,R,202-225-5731,6,OH,0.0,187.0,RepDaveJoyce,https://joyce.house.gov,97.81,143052.0
N00035531,76592,3,,Evan,412663,21558.0,J000297,True,Jenkins,,,1.0,0.53,2018,ocd-division/country:us/state:wv/cd:3,,R,202-225-3452,4,WV,0.0,187.0,RepEvanJenkins,https://evanjenkins.house.gov,96.24,8297.0
N00038858,9267128,7,jayapal.house.gov,Pramila,412730,,J000298,True,Jayapal,,,1.0,0.53,2018,ocd-division/country:us/state:wa/cd:7,,D,202-225-3106,2,WA,0.0,187.0,RepJayapal,https://jayapal.house.gov,96.24,153141.0
N00039106,106095,4,mikejohnson.house.gov,Mike,412706,,J000299,True,Johnson,,,2.0,1.07,2018,ocd-division/country:us/state:la/cd:4,,R,202-225-2777,2,LA,0.0,187.0,,https://mikejohnson.house.gov,98.92,156097.0
N00003522,1458,9,kaptur.house.gov,Marcy,400211,15029.0,K000009,True,Kaptur,,,5.0,2.67,2018,ocd-division/country:us/state:oh/cd:9,,D,202-225-4146,36,OH,0.0,187.0,RepMarcyKaptur,https://kaptur.house.gov,95.05,27016.0
N00004403,45870,3,kind.house.gov,Ron,400218,29769.0,K000188,True,Kind,,,0.0,0.0,2018,ocd-division/country:us/state:wi/cd:3,,D,202-225-5506,22,WI,0.0,187.0,RepRonKind,https://kind.house.gov,90.91,630.0
N00001193,26487,2,,Peter,400219,29375.0,K000210,True,King,,T.,8.0,4.28,2018,ocd-division/country:us/state:ny/cd:2,,R,202-225-7896,26,NY,0.0,187.0,RepPeteKing,http://peteking.house.gov,97.21,26968.0
N00025237,1003590,4,,Steve,400220,20325.0,K000362,True,King,,,7.0,3.74,2018,ocd-division/country:us/state:ia/cd:4,,R,202-225-4426,16,IA,0.0,187.0,SteveKingIA,https://steveking.house.gov,97.22,10853.0
N00031933,61856,9,keating.house.gov,Bill,412435,21140.0,K000375,True,Keating,,,2.0,1.07,2018,ocd-division/country:us/state:ma/cd:9,,D,202-225-3111,8,MA,0.0,187.0,USRepKeating,https://keating.house.gov,95.14,4743.0
N00031647,62696,3,kelly.house.gov,Mike,412465,21167.0,K000376,True,Kelly,,,14.0,7.49,2018,ocd-division/country:us/state:pa/cd:3,,R,202-225-5406,8,PA,0.0,187.0,MikeKellyPA,http://kelly.house.gov,98.27,119463.0
N00030667,62573,16,kinzinger.house.gov,Adam,412421,21128.0,K000378,True,Kinzinger,,,3.0,1.6,2018,ocd-division/country:us/state:il/cd:16,,R,202-225-3635,8,IL,0.0,187.0,RepKinzinger,http://kinzinger.house.gov,97.28,116559.0
N00034044,79948,4,kennedy.house.gov,Joseph,412543,21335.0,K000379,True,Kennedy III,,P.,0.0,0.0,2018,ocd-division/country:us/state:ma/cd:4,,D,202-225-5931,6,MA,0.0,187.0,RepJoeKennedy,https://kennedy.house.gov,97.33,141275.0
N00033395,623723,5,danielkildee.house.gov,Dan,412546,21372.0,K000380,True,Kildee,,,6.0,3.21,2018,ocd-division/country:us/state:mi/cd:5,,D,202-225-3611,6,MI,0.0,187.0,RepDanKildee,http://dankildee.house.gov,94.48,136102.0
N00034453,68310,6,kilmer.house.gov,Derek,412583,21368.0,K000381,True,Kilmer,,,2.0,1.07,2018,ocd-division/country:us/state:wa/cd:6,,D,202-225-5916,6,WA,0.0,187.0,RepDerekKilmer,https://kilmer.house.gov,94.59,51516.0
N00030875,62650,2,kuster.house.gov,Ann,412557,21340.0,K000382,True,Kuster,,McLane,5.0,2.67,2018,ocd-division/country:us/state:nh/cd:2,,D,202-225-5206,6,NH,0.0,187.0,RepAnnieKuster,http://kuster.house.gov,94.51,122256.0
N00035215,70399,2,,Robin,412595,21371.0,K000385,True,Kelly,,,10.0,5.35,2018,ocd-division/country:us/state:il/cd:2,,D,202-225-0773,6,IL,0.0,187.0,RepRobinKelly,https://robinkelly.house.gov,97.18,33384.0
N00035934,76367,24,,John,412649,21542.0,K000386,True,Katko,,,2.0,1.07,2018,ocd-division/country:us/state:ny/cd:24,,R,202-225-3701,4,NY,0.0,187.0,RepJohnKatko,https://katko.house.gov,95.68,152546.0
N00035820,76118,25,knight.house.gov,Steve,412614,21505.0,K000387,True,Knight,,,1.0,0.53,2018,ocd-division/country:us/state:ca/cd:25,,R,202-225-1956,4,CA,0.0,187.0,SteveKnight25,https://knight.house.gov,97.85,
N00037003,97322,1,,Trent,412673,21561.0,K000388,True,Kelly,,,0.0,0.0,2018,ocd-division/country:us/state:ms/cd:1,,R,202-225-4306,4,MS,0.0,187.0,reptrentkelly,https://trentkelly.house.gov,98.4,156389.0
N00026427,31129,17,khanna.house.gov,Ro,412684,,K000389,True,Khanna,,,1.0,0.53,2018,ocd-division/country:us/state:ca/cd:17,,D,202-225-2631,2,CA,0.0,187.0,RepRoKhanna,https://khanna.house.gov,97.31,29473.0
N00033530,79707,4,kihuen.house.gov,Ruben,412716,,K000390,True,Kihuen,,,1.0,0.53,2018,ocd-division/country:us/state:nv/cd:4,,D,202-225-9894,2,NV,0.0,187.0,RepKihuen,https://kihuen.house.gov,95.16,66851.0
N00033240,103408,8,krishnamoorthi.house.gov,Raja,412701,,K000391,True,Krishnamoorthi,,,1.0,0.53,2018,ocd-division/country:us/state:il/cd:8,,D,202-225-3711,2,IL,0.0,187.0,congressmanraja,https://krishnamoorthi.house.gov,97.85,117519.0
N00025445,28903,8,kustoff.house.gov,David,412724,,K000392,True,Kustoff,,,0.0,0.0,2018,ocd-division/country:us/state:tn/cd:8,,R,202-225-4714,2,TN,0.0,187.0,repdavidkustoff,https://kustoff.house.gov,97.86,48997.0
N00003950,251,9,levin.house.gov,Sander,400238,15033.0,L000263,True,Levin,,M.,0.0,0.0,2018,ocd-division/country:us/state:mi/cd:9,,D,202-225-4961,36,MI,0.0,187.0,RepSandyLevin,http://levin.house.gov,96.26,26918.0
N00002577,2528,5,johnlewis.house.gov,John,400240,15431.0,L000287,True,Lewis,,,8.0,4.28,2018,ocd-division/country:us/state:ga/cd:5,,D,202-225-3801,32,GA,0.0,187.0,RepJohnLewis,https://johnlewis.house.gov,96.09,26820.0
N00007479,36520,19,lofgren.house.gov,Zoe,400245,29504.0,L000397,True,Lofgren,,,7.0,3.74,2018,ocd-division/country:us/state:ca/cd:19,,D,202-225-3072,24,CA,1.0,187.0,RepZoeLofgren,https://lofgren.house.gov,94.44,21899.0
N00001024,6110,17,lowey.house.gov,Nita,400246,15612.0,L000480,True,Lowey,,M.,0.0,0.0,2018,ocd-division/country:us/state:ny/cd:17,,D,202-225-6506,30,NY,0.0,187.0,NitaLowey,https://lowey.house.gov,96.79,26982.0
N00005559,35692,3,lucas.house.gov,Frank,400247,29393.0,L000491,True,Lucas,,D.,0.0,0.0,2018,ocd-division/country:us/state:ok/cd:3,,R,202-225-5565,26,OK,0.0,187.0,RepFrankLucas,http://lucas.house.gov,97.86,27032.0
N00008046,54579,13,lee.house.gov,Barbara,400237,29778.0,L000551,True,Lee,,,6.0,3.21,2018,ocd-division/country:us/state:ca/cd:13,,D,202-225-2661,22,CA,0.0,187.0,RepBarbaraLee,https://lee.house.gov,96.13,8315.0
N00000851,30867,2,lobiondo.house.gov,Frank,400244,29539.0,L000554,True,LoBiondo,,A.,0.0,0.0,2018,ocd-division/country:us/state:nj/cd:2,,R,202-225-6572,24,NJ,0.0,187.0,RepLoBiondo,http://lobiondo.house.gov,90.37,21890.0
N00000575,36596,1,larson.house.gov,John,400233,29908.0,L000557,True,Larson,,B.,5.0,2.67,2018,ocd-division/country:us/state:ct/cd:1,,D,202-225-2265,20,CT,0.0,187.0,RepJohnLarson,https://larson.house.gov,96.15,17188.0
N00009724,86608,2,langevin.house.gov,Jim,400230,20136.0,L000559,True,Langevin,,,3.0,1.6,2018,ocd-division/country:us/state:ri/cd:2,,D,202-225-2735,18,RI,0.0,187.0,JimLangevin,http://langevin.house.gov,96.74,55787.0
N00009759,86610,2,larsen.house.gov,Rick,400232,20145.0,L000560,True,Larsen,,,3.0,1.6,2018,ocd-division/country:us/state:wa/cd:2,,D,202-225-2605,18,WA,0.0,187.0,RepRickLarsen,http://larsen.house.gov,96.74,56231.0
N00013855,1000222,8,lynch.house.gov,Stephen,400249,20119.0,L000562,True,Lynch,,F.,8.0,4.28,2018,ocd-division/country:us/state:ma/cd:8,,D,202-225-8273,18,MA,0.0,187.0,RepStephenLynch,http://lynch.house.gov,93.85,4844.0
N00027239,1013046,3,www.lipinski.house.gov,Daniel,400630,20508.0,L000563,True,Lipinski,,,0.0,0.0,2018,ocd-division/country:us/state:il/cd:3,,D,202-225-5701,14,IL,1.0,187.0,RepLipinski,https://lipinski.house.gov,90.91,33692.0
N00028133,1022846,5,lamborn.house.gov,Doug,412191,20704.0,L000564,True,Lamborn,,,5.0,2.67,2018,ocd-division/country:us/state:co/cd:5,,R,202-225-4422,12,CO,0.0,187.0,RepDLamborn,http://lamborn.house.gov,98.35,2698.0
N00027741,1022883,2,loebsack.house.gov,Dave,412209,20720.0,L000565,True,Loebsack,,,6.0,3.21,2018,ocd-division/country:us/state:ia/cd:2,,D,202-225-6576,12,IA,0.0,187.0,DaveLoebsack,http://loebsack.house.gov,92.82,68964.0
N00012233,1028071,5,latta.house.gov,Robert,412256,20755.0,L000566,True,Latta,,E.,0.0,0.0,2018,ocd-division/country:us/state:oh/cd:5,,R,202-225-6405,12,OH,0.0,187.0,BobLatta,http://latta.house.gov,98.93,9926.0
N00000898,1031349,7,lance.house.gov,Leonard,412290,20929.0,L000567,True,Lance,,,0.0,0.0,2018,ocd-division/country:us/state:nj/cd:7,,R,202-225-5361,10,NJ,0.0,187.0,RepLanceNJ7,http://lance.house.gov,95.72,4443.0
N00030026,1031348,3,luetkemeyer.house.gov,Blaine,412292,20926.0,L000569,True,Luetkemeyer,,,0.0,0.0,2018,ocd-division/country:us/state:mo/cd:3,,R,202-225-2956,10,MO,0.0,187.0,RepBlainePress,http://luetkemeyer.house.gov,98.93,20400.0
N00029562,1031351,3,lujan.house.gov,Ben,412293,20932.0,L000570,True,Luján,,Ray,1.0,0.53,2018,ocd-division/country:us/state:nm/cd:3,,D,202-225-6190,10,NM,0.0,187.0,RepBenRayLujan,https://lujan.house.gov,97.31,102842.0
N00031377,94987,1,labrador.house.gov,Raúl,412419,21125.0,L000573,True,Labrador,,,1.0,0.53,2018,ocd-division/country:us/state:id/cd:1,,R,202-225-6611,8,ID,0.0,187.0,Raul_Labrador,https://labrador.house.gov,96.24,57391.0
N00030676,61880,7,long.house.gov,Billy,412445,21150.0,L000576,True,Long,,,0.0,0.0,2018,ocd-division/country:us/state:mo/cd:7,,R,202-225-6536,8,MO,0.0,187.0,USRepLong,https://long.house.gov,98.93,123401.0
N00033987,68493,1,lamalfa.house.gov,Doug,412510,21302.0,L000578,True,LaMalfa,,,8.0,4.28,2018,ocd-division/country:us/state:ca/cd:1,,R,202-225-3076,6,CA,0.0,187.0,RepLaMalfa,http://lamalfa.house.gov,97.21,29713.0
N00033274,93815,47,lowenthal.house.gov,Alan,412521,21313.0,L000579,True,Lowenthal,,,1.0,0.53,2018,ocd-division/country:us/state:ca/cd:47,,D,202-225-7924,6,CA,0.0,187.0,RepLowenthal,http://lowenthal.house.gov,96.77,16469.0
N00029400,94791,1,lujangrisham.house.gov,Michelle,412558,21341.0,L000580,True,Lujan Grisham,,,0.0,0.0,2018,ocd-division/country:us/state:nm/cd:1,,D,202-225-6316,6,NM,0.0,187.0,RepLujanGrisham,https://lujangrisham.house.gov,95.72,102404.0
N00034068,79924,14,,Brenda,412638,21530.0,L000581,True,Lawrence,,,7.0,3.74,2018,ocd-division/country:us/state:mi/cd:14,,D,202-225-5802,4,MI,0.0,187.0,RepLawrence,https://lawrence.house.gov,97.22,78851.0
N00035825,28076,33,,Ted,412616,21507.0,L000582,True,Lieu,,,6.0,3.21,2018,ocd-division/country:us/state:ca/cd:33,,D,202-225-3976,4,CA,0.0,187.0,RepTedLieu,https://lieu.house.gov,96.69,
N00035347,76165,11,loudermilk.house.gov,Barry,412624,21515.0,L000583,True,Loudermilk,,,2.0,1.07,2018,ocd-division/country:us/state:ga/cd:11,,R,202-225-2931,4,GA,0.0,187.0,RepLoudermilk,http://loudermilk.house.gov,97.84,31618.0
N00033842,67205,4,,Mia,412656,21552.0,L000584,True,Love,,,4.0,2.14,2018,ocd-division/country:us/state:ut/cd:4,,R,202-225-3011,4,UT,0.0,187.0,repmialove,https://love.house.gov,98.91,135957.0
N00037031,70020,18,,Darin,412674,21562.0,L000585,True,LaHood,,M.,0.0,0.0,2018,ocd-division/country:us/state:il/cd:18,,R,202-225-6201,2,IL,0.0,187.0,RepLaHood,https://lahood.house.gov,96.79,128760.0
N00030642,90480,5,lawson.house.gov,Al,412693,,L000586,True,Lawson,,,3.0,1.6,2018,ocd-division/country:us/state:fl/cd:5,,D,202-225-0123,2,FL,0.0,187.0,RepAlLawsonJr,https://lawson.house.gov,96.2,24263.0
N00038400,155,2,jasonlewis.house.gov,Jason,412711,,L000587,True,Lewis,,,0.0,0.0,2018,ocd-division/country:us/state:mn/cd:2,,R,202-225-2271,2,MN,0.0,187.0,RepJasonLewis,https://jasonlewis.house.gov,98.93,171558.0
N00000078,26162,12,maloney.house.gov,Carolyn,400251,21344.0,M000087,True,Maloney,,B.,4.0,2.14,2018,ocd-division/country:us/state:ny/cd:12,,D,202-225-7944,26,NY,0.0,187.0,RepMaloney,http://maloney.house.gov,95.08,26978.0
N00000179,45976,2,mcgovern.house.gov,Jim,400263,29729.0,M000312,True,McGovern,,,2.0,1.07,2018,ocd-division/country:us/state:ma/cd:2,,D,202-225-6101,22,MA,0.0,187.0,RepMcGovern,http://mcgovern.house.gov,95.68,552.0
N00001171,53469,5,meeks.house.gov,Gregory,400271,29776.0,M001137,True,Meeks,,W.,11.0,5.88,2018,ocd-division/country:us/state:ny/cd:5,,D,202-225-3461,22,NY,0.0,187.0,GregoryMeeks,http://meeks.house.gov,97.16,4360.0
N00012942,86670,4,mccollum.house.gov,Betty,400259,20122.0,M001143,True,McCollum,,,2.0,1.07,2018,ocd-division/country:us/state:mn/cd:4,,D,202-225-6631,18,MN,0.0,187.0,BettyMcCollum04,http://mccollum.house.gov,95.68,3812.0
N00024992,1003612,18,murphy.house.gov,Tim,400285,20346.0,M001151,True,Murphy,,,1.0,0.53,2018,ocd-division/country:us/state:pa/cd:18,,R,202-225-2301,16,PA,0.0,187.0,RepTimMurphy,https://murphy.house.gov,98.39,9794.0
N00026627,1007062,10,mchenry.house.gov,Patrick,400644,20522.0,M001156,True,McHenry,,T.,0.0,0.0,2018,ocd-division/country:us/state:nc/cd:10,,R,202-225-2576,14,NC,0.0,187.0,PatrickMcHenry,http://mchenry.house.gov,98.93,21031.0
N00026460,1013056,10,mccaul.house.gov,Michael,400654,20530.0,M001157,True,McCaul,,,13.0,6.95,2018,ocd-division/country:us/state:tx/cd:10,,R,202-225-2401,14,TX,0.0,187.0,RepMcCaul,http://mccaul.house.gov,97.7,49210.0
N00026710,1013059,24,marchant.house.gov,Kenny,400656,20532.0,M001158,True,Marchant,,,17.0,9.09,2018,ocd-division/country:us/state:tx/cd:24,,R,202-225-6605,14,TX,0.0,187.0,RepKenMarchant,https://marchant.house.gov,96.47,5549.0
N00026314,1013063,5,mcmorris.house.gov,Cathy,400659,20535.0,M001159,True,McMorris Rodgers,,,0.0,0.0,2018,ocd-division/country:us/state:wa/cd:5,,R,202-225-2006,14,WA,0.0,187.0,CathyMcMorris,http://mcmorris.house.gov,98.93,3217.0
N00026914,42548,4,gwenmoore.house.gov,Gwen,400661,20537.0,M001160,True,Moore,,,19.0,10.16,2018,ocd-division/country:us/state:wi/cd:4,,D,202-225-4572,14,WI,0.0,187.0,RepGwenMoore,https://gwenmoore.house.gov,95.83,3457.0
N00027459,26602,6,matsui.house.gov,Doris,400663,20538.0,M001163,True,Matsui,,,13.0,6.95,2018,ocd-division/country:us/state:ca/cd:6,,D,202-225-7163,14,CA,0.0,187.0,DorisMatsui,https://matsui.house.gov,95.4,28593.0
N00028152,85231,23,kevinmccarthy.house.gov,Kevin,412190,20703.0,M001165,True,McCarthy,,,2.0,1.07,2018,ocd-division/country:us/state:ca/cd:23,,R,202-225-2915,12,CA,0.0,187.0,GOPLeader,http://kevinmccarthy.house.gov,98.38,28918.0
N00026926,1021667,9,mcnerney.house.gov,Jerry,412189,20702.0,M001166,True,McNerney,,,1.0,0.53,2018,ocd-division/country:us/state:ca/cd:9,,D,202-225-1947,12,CA,0.0,187.0,RepMcNerney,http://mcnerney.house.gov,97.31,29474.0
N00006863,30359,4,mcclintock.house.gov,Tom,412295,20903.0,M001177,True,McClintock,,,2.0,1.07,2018,ocd-division/country:us/state:ca/cd:4,,R,202-225-2511,10,CA,0.0,187.0,RepMcClintock,http://mcclintock.house.gov,97.84,9715.0
N00031777,95129,10,marino.house.gov,Tom,412468,21170.0,M001179,True,Marino,,,14.0,7.49,2018,ocd-division/country:us/state:pa/cd:10,,R,202-225-3731,8,PA,0.0,187.0,RepTomMarino,https://marino.house.gov,98.27,119478.0
N00031681,9269013,1,mckinley.house.gov,David,412487,21188.0,M001180,True,McKinley,,,0.0,0.0,2018,ocd-division/country:us/state:wv/cd:1,,R,202-225-4172,8,WV,0.0,187.0,RepMcKinley,https://mckinley.house.gov,94.65,117396.0
N00031134,1033856,7,meehan.house.gov,Pat,412466,21168.0,M001181,True,Meehan,,,1.0,0.53,2018,ocd-division/country:us/state:pa/cd:7,,R,202-225-2011,8,PA,0.0,187.0,RepMeehan,https://meehan.house.gov,96.77,119474.0
,623510,5,mulvaney.house.gov,Mick,412474,21176.0,M001182,False,Mulvaney,,,91.0,93.81,2018,ocd-division/country:us/state:sc/cd:5,,R,202-225-5501,8,SC,0.0,97.0,RepMickMulvaney,https://mulvaney.house.gov,66.67,
N00034041,79951,4,massie.house.gov,Thomas,412503,31102.0,M001184,True,Massie,,,0.0,0.0,2018,ocd-division/country:us/state:ky/cd:4,,R,202-225-3465,8,KY,0.0,187.0,RepThomasMassie,https://massie.house.gov,91.44,132068.0
N00034277,79760,18,seanmaloney.house.gov,Sean,412562,29379.0,M001185,True,Maloney,,Patrick,2.0,1.07,2018,ocd-division/country:us/state:ny/cd:18,,D,202-225-5441,6,NY,0.0,187.0,RepSeanMaloney,http://seanmaloney.house.gov,94.59,139760.0
N00033631,79621,11,meadows.house.gov,Mark,412552,21348.0,M001187,True,Meadows,,,2.0,1.07,2018,ocd-division/country:us/state:nc/cd:11,,R,202-225-6401,6,NC,0.0,187.0,RepMarkMeadows,https://meadows.house.gov,97.84,136459.0
N00034547,68411,6,meng.house.gov,Grace,412560,21342.0,M001188,True,Meng,,,7.0,3.74,2018,ocd-division/country:us/state:ny/cd:6,,D,202-225-2601,6,NY,0.0,187.0,RepGraceMeng,http://meng.house.gov,97.78,69157.0
N00012546,11245,6,messer.house.gov,Luke,412540,21332.0,M001189,True,Messer,,,9.0,4.81,2018,ocd-division/country:us/state:in/cd:6,,R,202-225-3021,6,IN,0.0,187.0,RepLukeMesser,https://messer.house.gov,97.75,33997.0
N00033410,1034045,2,mullin.house.gov,Markwayne,412568,21355.0,M001190,True,Mullin,,,1.0,0.53,2018,ocd-division/country:us/state:ok/cd:2,,R,202-225-2701,6,OK,0.0,187.0,RepMullin,https://mullin.house.gov,98.39,135898.0
N00036155,76315,3,,Tom,412643,21537.0,M001193,True,MacArthur,,,2.0,1.07,2018,ocd-division/country:us/state:nj/cd:3,,R,202-225-4765,4,NJ,0.0,187.0,RepTomMacArthur,https://macarthur.house.gov,96.22,152113.0
N00036275,76660,4,,John,412634,21526.0,M001194,True,Moolenaar,,,0.0,0.0,2018,ocd-division/country:us/state:mi/cd:4,,R,202-225-3561,4,MI,0.0,187.0,RepMoolenaar,https://moolenaar.house.gov,97.86,37676.0
N00033814,76588,2,,Alex,412662,21557.0,M001195,True,Mooney,,,0.0,0.0,2018,ocd-division/country:us/state:wv/cd:2,,R,202-225-2711,4,WV,0.0,187.0,RepAlexMooney,https://mooney.house.gov,96.79,
N00035431,78453,6,,Seth,412632,21525.0,M001196,True,Moulton,,,3.0,1.6,2018,ocd-division/country:us/state:ma/cd:6,,D,202-225-8020,4,MA,0.0,187.0,teammoulton,http://moulton.house.gov,92.93,146299.0
N00033982,29126,2,,Martha,412611,21501.0,M001197,True,McSally,,,0.0,0.0,2018,ocd-division/country:us/state:az/cd:2,,R,202-225-2542,4,AZ,0.0,187.0,RepMcSally,https://mcsally.house.gov,96.26,137299.0
N00037034,103425,1,marshall.house.gov,Roger,412704,,M001198,True,Marshall,,,2.0,1.07,2018,ocd-division/country:us/state:ks/cd:1,,R,202-225-2715,2,KS,0.0,187.0,,https://marshall.house.gov,98.92,172080.0
N00037269,104540,18,mast.house.gov,Brian,412698,,M001199,True,Mast,,,0.0,0.0,2018,ocd-division/country:us/state:fl/cd:18,,R,202-225-3026,2,FL,0.0,187.0,repbrianmast,https://mast.house.gov,97.33,166245.0
N00039327,103621,4,mceachin.house.gov,A.,412728,,M001200,True,McEachin,,Donald,4.0,2.14,2018,ocd-division/country:us/state:va/cd:4,,D,202-225-6365,2,VA,0.0,187.0,RepMcEachin,https://mceachin.house.gov,97.81,8230.0
N00036274,103809,10,mitchell.house.gov,Paul,412710,,M001201,True,Mitchell,,,0.0,0.0,2018,ocd-division/country:us/state:mi/cd:10,,R,202-225-2106,2,MI,0.0,187.0,RepPaulMitchell,https://mitchell.house.gov,98.4,152464.0
N00040133,103502,7,stephaniemurphy.house.gov,Stephanie,412694,,M001202,True,Murphy,,,2.0,1.07,2018,ocd-division/country:us/state:fl/cd:7,,D,202-225-4035,2,FL,0.0,187.0,RepStephMurphy,https://stephaniemurphy.house.gov,89.19,173426.0
N00000939,26159,10,nadler.house.gov,Jerrold,400289,29377.0,N000002,True,Nadler,,,14.0,7.49,2018,ocd-division/country:us/state:ny/cd:10,,D,202-225-5635,28,NY,0.0,187.0,RepJerryNadler,http://nadler.house.gov,97.11,26980.0
N00000153,6103,1,neal.house.gov,Richard,400291,15616.0,N000015,True,Neal,,E.,1.0,0.53,2018,ocd-division/country:us/state:ma/cd:1,,D,202-225-5601,30,MA,0.0,187.0,RepRichardNeal,https://neal.house.gov,96.24,26895.0
N00021207,1001760,8,nolan.house.gov,Rick,408211,14263.0,N000127,True,Nolan,,,2.0,1.07,2018,ocd-division/country:us/state:mn/cd:8,,D,202-225-6211,6,MN,0.0,187.0,USRepRickNolan,http://nolan.house.gov,93.51,138505.0
N00001692,882,79,norton.house.gov,Eleanor,400295,15851.0,N000147,True,Norton,,Holmes,,,2018,ocd-division/country:us/state:dc/cd:79,,D,,28,DC,,0.0,EleanorNorton,https://norton.house.gov,,775.0
N00006789,57873,32,napolitano.house.gov,Grace,400290,29903.0,N000179,True,Napolitano,,F.,2.0,1.07,2018,ocd-division/country:us/state:ca/cd:32,,D,202-225-5256,20,CA,0.0,187.0,GraceNapolitano,http://napolitano.house.gov,94.59,8393.0
N00007248,1003553,22,nunes.house.gov,Devin,400297,20307.0,N000181,True,Nunes,,,2.0,1.07,2018,ocd-division/country:us/state:ca/cd:22,,R,202-225-2523,16,CA,0.0,187.0,Rep_DevinNunes,http://nunes.house.gov,98.38,16725.0
N00032022,62717,1,noem.house.gov,Kristi,412475,21177.0,N000184,True,Noem,,,0.0,0.0,2018,ocd-division/country:us/state:sd/cd:1,,R,202-225-2801,8,SD,0.0,187.0,RepKristiNoem,https://noem.house.gov,97.33,58189.0
N00036154,76311,1,,Donald,412606,21536.0,N000188,True,Norcross,,W.,1.0,0.53,2018,ocd-division/country:us/state:nj/cd:1,,D,202-225-6501,6,NJ,0.0,187.0,DonaldNorcross,https://norcross.house.gov,97.31,116277.0
N00036403,78315,4,,Dan,412660,21556.0,N000189,True,Newhouse,,,0.0,0.0,2018,ocd-division/country:us/state:wa/cd:4,,R,202-225-5816,4,WA,0.0,187.0,RepNewhouse,https://newhouse.house.gov,98.93,51522.0
N00029285,1031361,22,olson.house.gov,Pete,412302,20948.0,O000168,True,Olson,,,2.0,1.07,2018,ocd-division/country:us/state:tx/cd:22,,R,202-225-5951,10,TX,0.0,187.0,RepPeteOlson,https://olson.house.gov,98.92,102008.0
N00033540,79697,16,orourke.house.gov,Beto,412575,21361.0,O000170,True,O&#39;Rourke,,,5.0,2.67,2018,ocd-division/country:us/state:tx/cd:16,,D,202-225-4831,6,TX,0.0,187.0,RepBetoORourke,http://orourke.house.gov,93.41,78533.0
N00037515,104523,1,ohalleran.house.gov,Tom,412682,,O000171,True,O&#39;Halleran,,,1.0,0.53,2018,ocd-division/country:us/state:az/cd:1,,D,202-225-3361,2,AZ,0.0,187.0,repohalleran,https://ohalleran.house.gov,88.71,28499.0
N00000781,6107,6,pallone.house.gov,Frank,400308,15454.0,P000034,True,Pallone,,,0.0,0.0,2018,ocd-division/country:us/state:nj/cd:6,,D,202-225-4671,32,NJ,0.0,187.0,FrankPallone,https://pallone.house.gov,96.26,26951.0
N00000751,45543,9,pascrell.house.gov,Bill,400309,29741.0,P000096,True,Pascrell Jr.,,,4.0,2.14,2018,ocd-division/country:us/state:nj/cd:9,,D,202-225-5751,22,NJ,0.0,187.0,BillPascrell,http://pascrell.house.gov,95.63,478.0
N00007360,6153,12,pelosi.house.gov,Nancy,400314,15448.0,P000197,True,Pelosi,,,28.0,14.97,2018,ocd-division/country:us/state:ca/cd:12,,D,202-225-4965,30,CA,0.0,187.0,NancyPelosi,http://pelosi.house.gov,95.6,26732.0
N00004558,23978,7,collinpeterson.house.gov,Collin,400316,29127.0,P000258,True,Peterson,,C.,2.0,1.07,2018,ocd-division/country:us/state:mn/cd:7,,D,202-225-2165,28,MN,0.0,187.0,,http://collinpeterson.house.gov,73.51,26926.0
N00002260,6748,4,price.house.gov,David,400326,15438.0,P000523,True,Price,,E.,1.0,0.53,2018,ocd-division/country:us/state:nc/cd:4,,D,202-225-1784,30,NC,0.0,187.0,RepDavidEPrice,https://price.house.gov,94.62,119.0
N00012672,12063,2,pearce.house.gov,Steve,400313,20337.0,P000588,True,Pearce,,,2.0,1.07,2018,ocd-division/country:us/state:nm/cd:2,,R,202-225-2365,8,NM,0.0,187.0,RepStevePearce,http://pearce.house.gov,97.3,10655.0
,1013044,6,tomprice.house.gov,Tom,400626,20505.0,P000591,False,Price,,,82.0,96.47,2018,ocd-division/country:us/state:ga/cd:6,,R,202-225-4501,14,GA,0.0,85.0,RepTomPrice,https://tomprice.house.gov,33.33,
N00026457,1011398,2,poe.house.gov,Ted,400652,20528.0,P000592,True,Poe,,,12.0,6.42,2018,ocd-division/country:us/state:tx/cd:2,,R,202-225-6565,14,TX,0.0,187.0,JudgeTedPoe,https://poe.house.gov,93.14,49198.0
N00027510,1021382,7,perlmutter.house.gov,Ed,412192,20705.0,P000593,True,Perlmutter,,,14.0,7.49,2018,ocd-division/country:us/state:co/cd:7,,D,202-225-2645,12,CO,0.0,187.0,RepPerlmutter,https://perlmutter.house.gov,94.22,2653.0
N00029391,1030000,3,paulsen.house.gov,Erik,412303,20924.0,P000594,True,Paulsen,,,0.0,0.0,2018,ocd-division/country:us/state:mn/cd:3,,R,202-225-2871,10,MN,0.0,187.0,RepErikPaulsen,https://paulsen.house.gov,97.33,3833.0
N00013817,1002167,1,pingree.house.gov,Chellie,412307,20920.0,P000597,True,Pingree,,,3.0,1.6,2018,ocd-division/country:us/state:me/cd:1,,D,202-225-6116,10,ME,0.0,187.0,ChelliePingree,https://pingree.house.gov,97.28,6586.0
N00029127,1031300,2,polis.house.gov,Jared,412308,20904.0,P000598,True,Polis,,,1.0,0.53,2018,ocd-division/country:us/state:co/cd:2,,D,202-225-2161,10,CO,0.0,187.0,JaredPolis,http://polis.house.gov,94.09,106220.0
N00029662,88959,8,posey.house.gov,Bill,412309,20909.0,P000599,True,Posey,,,0.0,0.0,2018,ocd-division/country:us/state:fl/cd:8,,R,202-225-3671,10,FL,0.0,187.0,CongBillPosey,http://posey.house.gov,97.33,24280.0
N00031958,61886,4,palazzo.house.gov,Steven,412443,21148.0,P000601,True,Palazzo,,,3.0,1.6,2018,ocd-division/country:us/state:ms/cd:4,,R,202-225-5772,8,MS,0.0,187.0,CongPalazzo,http://palazzo.house.gov,97.28,69521.0
,623387,4,pompeo.house.gov,Mike,412431,21136.0,P000602,False,Pompeo,,,59.0,96.72,2018,ocd-division/country:us/state:ks/cd:4,,R,202-225-6216,8,KS,0.0,61.0,RepMikePompeo,http://pompeo.house.gov,0.0,
N00034639,65639,10,payne.house.gov,Donald,412506,31103.0,P000604,True,Payne Jr.,,M.,42.0,22.46,2018,ocd-division/country:us/state:nj/cd:10,,D,202-225-3436,8,NJ,1.0,187.0,RepDonaldPayne,http://payne.house.gov,95.86,90668.0
N00034120,79873,4,perry.house.gov,Scott,412569,21356.0,P000605,True,Perry,,,3.0,1.6,2018,ocd-division/country:us/state:pa/cd:4,,R,202-225-5836,6,PA,0.0,187.0,RepScottPerry,http://perry.house.gov,96.2,59980.0
N00034416,9265861,9,pittenger.house.gov,Robert,412551,21347.0,P000606,True,Pittenger,,,4.0,2.14,2018,ocd-division/country:us/state:nc/cd:9,,R,202-225-1976,6,NC,0.0,187.0,RepPittenger,https://pittenger.house.gov,96.72,41272.0
N00033549,79688,2,pocan.house.gov,Mark,412585,21370.0,P000607,True,Pocan,,,6.0,3.21,2018,ocd-division/country:us/state:wi/cd:2,,D,202-225-2906,6,WI,0.0,187.0,RepMarkPocan,http://pocan.house.gov,96.13,26238.0
N00033591,79661,52,scottpeters.house.gov,Scott,412523,21315.0,P000608,True,Peters,,,0.0,0.0,2018,ocd-division/country:us/state:ca/cd:52,,D,202-225-0508,6,CA,0.0,187.0,RepScottPeters,http://scottpeters.house.gov,88.24,70351.0
N00035691,76094,6,,Gary,412608,21500.0,P000609,True,Palmer,,,2.0,1.07,2018,ocd-division/country:us/state:al/cd:6,,R,202-225-4921,4,AL,0.0,187.0,USRepGaryPalmer,https://palmer.house.gov,98.92,146274.0
N00035000,79090,79,,Stacey,412659,,P000610,True,Plaskett,,,,,2018,ocd-division/country:us/state:vi/cd:79,,D,,4,VI,,0.0,staceyplaskett,https://plaskett.house.gov,,
N00034584,76253,2,,Bruce,412633,21524.0,P000611,True,Poliquin,,,0.0,0.0,2018,ocd-division/country:us/state:me/cd:2,,R,202-225-6306,4,ME,0.0,187.0,RepPoliquin,https://poliquin.house.gov,96.79,
N00038601,104727,20,panetta.house.gov,Jimmy,412685,,P000613,True,Panetta,,,0.0,0.0,2018,ocd-division/country:us/state:ca/cd:20,,D,202-225-2861,2,CA,0.0,187.0,RepJimmyPanetta,https://panetta.house.gov,94.65,169078.0
N00030581,9263344,5,quigley.house.gov,Mike,412331,20954.0,Q000023,True,Quigley,,,6.0,3.21,2018,ocd-division/country:us/state:il/cd:5,,D,202-225-4061,10,IL,0.0,187.0,RepMikeQuigley,https://quigley.house.gov,97.79,83310.0
N00003473,6739,5,halrogers.house.gov,Harold,400340,14854.0,R000395,True,Rogers,,,2.0,1.07,2018,ocd-division/country:us/state:ky/cd:5,,R,202-225-4601,38,KY,0.0,187.0,RepHalRogers,http://halrogers.house.gov,98.92,26875.0
N00007151,5590,48,rohrabacher.house.gov,Dana,400343,15621.0,R000409,True,Rohrabacher,,,14.0,7.49,2018,ocd-division/country:us/state:ca/cd:48,,R,202-225-2415,30,CA,0.0,187.0,,https://rohrabacher.house.gov,95.38,26763.0
N00002858,3206,27,ros-lehtinen.house.gov,Ileana,400344,15634.0,R000435,True,Ros-Lehtinen,,,2.0,1.07,2018,ocd-division/country:us/state:fl/cd:27,,R,202-225-3931,30,FL,0.0,187.0,RosLehtinen,http://ros-lehtinen.house.gov,84.86,26815.0
N00006671,26136,40,roybal-allard.house.gov,Lucille,400347,29317.0,R000486,True,Roybal-Allard,,,3.0,1.6,2018,ocd-division/country:us/state:ca/cd:40,,D,202-225-1766,26,CA,0.0,187.0,RepRoybalAllard,http://roybal-allard.house.gov,94.02,26766.0
N00008264,28461,39,www.royce.house.gov,Edward,400348,29321.0,R000487,True,Royce,,,1.0,0.53,2018,ocd-division/country:us/state:ca/cd:39,,R,202-225-4111,26,CA,0.0,187.0,RepEdRoyce,http://royce.house.gov,98.39,26772.0
N00004887,26127,1,rush.house.gov,Bobby,400350,29346.0,R000515,True,Rush,,L.,141.0,75.4,2018,ocd-division/country:us/state:il/cd:1,,D,202-225-4372,26,IL,0.0,187.0,RepBobbyRush,http://rush.house.gov,91.3,26831.0
N00004357,57970,1,paulryan.house.gov,Paul,400351,29939.0,R000570,True,Ryan,,D.,185.0,98.93,2018,ocd-division/country:us/state:wi/cd:1,,R,202-225-3031,20,WI,0.0,187.0,SpeakerRyan,http://paulryan.house.gov,50.0,26344.0
N00024759,1014740,3,mikerogers.house.gov,Mike,400341,20301.0,R000575,True,Rogers,,D.,0.0,0.0,2018,ocd-division/country:us/state:al/cd:3,,R,202-225-3261,18,AL,0.0,187.0,RepMikeRogersAL,https://mikerogers.house.gov,97.33,5705.0
N00025482,49155,2,ruppersberger.house.gov,C.A. Dutch,400349,20329.0,R000576,True,Ruppersberger,,,1.0,0.53,2018,ocd-division/country:us/state:md/cd:2,,D,202-225-3061,16,MD,0.0,187.0,Call_Me_Dutch,http://ruppersberger.house.gov,96.77,36130.0
N00025280,1003608,13,timryan.house.gov,Tim,400352,20343.0,R000577,True,Ryan,,,36.0,19.25,2018,ocd-division/country:us/state:oh/cd:13,,D,202-225-5261,16,OH,0.0,187.0,RepTimRyan,http://timryan.house.gov,94.04,45638.0
N00026885,1013064,8,reichert.house.gov,Dave,400660,20536.0,R000578,True,Reichert,,,2.0,1.07,2018,ocd-division/country:us/state:wa/cd:8,,R,202-225-7761,14,WA,0.0,187.0,DaveReichert,http://reichert.house.gov,96.22,51346.0
N00004719,1021912,6,roskam.house.gov,Peter,412202,20715.0,R000580,True,Roskam,,,3.0,1.6,2018,ocd-division/country:us/state:il/cd:6,,R,202-225-4561,12,IL,0.0,187.0,PeterRoskam,https://roskam.house.gov,98.91,6382.0
N00028463,1031360,1,roe.house.gov,Phil,412310,20947.0,R000582,True,Roe,,,3.0,1.6,2018,ocd-division/country:us/state:tn/cd:1,,R,202-225-6356,10,TN,0.0,187.0,DrPhilRoe,http://roe.house.gov,98.91,65306.0
N00029018,1030486,17,rooney.house.gov,Tom,412311,20910.0,R000583,True,Rooney,,,9.0,4.81,2018,ocd-division/country:us/state:fl/cd:17,,R,202-225-5792,10,FL,0.0,187.0,TomRooney,https://rooney.house.gov,98.31,107800.0
N00030949,623468,23,reed.house.gov,Tom,412393,21101.0,R000585,True,Reed,,,3.0,1.6,2018,ocd-division/country:us/state:ny/cd:23,,R,202-225-3161,10,NY,0.0,187.0,RepTomReed,https://reed.house.gov,97.28,127046.0
N00031127,62686,16,renacci.house.gov,Jim,412462,21164.0,R000586,True,Renacci,,,7.0,3.74,2018,ocd-division/country:us/state:oh/cd:16,,R,202-225-3876,8,OH,0.0,187.0,RepJimRenacci,https://renacci.house.gov,97.78,120678.0
N00030184,62391,2,richmond.house.gov,Cedric,412432,21137.0,R000588,True,Richmond,,,37.0,19.79,2018,ocd-division/country:us/state:la/cd:2,,D,202-225-6636,8,LA,0.0,187.0,RepRichmond,https://richmond.house.gov,96.67,35384.0
N00030768,61712,2,roby.house.gov,Martha,412394,21192.0,R000591,True,Roby,,,0.0,0.0,2018,ocd-division/country:us/state:al/cd:2,,R,202-225-2901,8,AL,0.0,187.0,RepMarthaRoby,http://roby.house.gov,98.93,71604.0
N00031741,61832,4,rokita.house.gov,Todd,412426,21131.0,R000592,True,Rokita,,,2.0,1.07,2018,ocd-division/country:us/state:in/cd:4,,R,202-225-5037,8,IN,0.0,187.0,ToddRokita,http://rokita.house.gov,96.22,34167.0
N00030645,62532,15,dennisross.house.gov,Dennis,412411,21117.0,R000593,True,Ross,,,2.0,1.07,2018,ocd-division/country:us/state:fl/cd:15,,R,202-225-1252,8,FL,0.0,187.0,RepDennisRoss,http://dennisross.house.gov,98.92,12813.0
N00033832,79473,7,rice.house.gov,Tom,412572,21359.0,R000597,True,Rice,,,3.0,1.6,2018,ocd-division/country:us/state:sc/cd:7,,R,202-225-9895,6,SC,2.0,187.0,RepTomRice,http://rice.house.gov,96.74,132382.0
N00031253,61949,12,rothfus.house.gov,Keith,412570,21357.0,R000598,True,Rothfus,,,0.0,0.0,2018,ocd-division/country:us/state:pa/cd:12,,R,202-225-2065,6,PA,0.0,187.0,KeithRothfus,https://rothfus.house.gov,98.93,119466.0
N00033510,79727,36,ruiz.house.gov,Raul,412519,21311.0,R000599,True,Ruiz,,,2.0,1.07,2018,ocd-division/country:us/state:ca/cd:36,,D,202-225-5330,6,CA,0.0,187.0,CongressmanRuiz,https://ruiz.house.gov,93.51,136407.0
N00007635,5188,79,radewagen.house.gov,Amata,412664,,R000600,True,Radewagen,,Coleman,,,2018,ocd-division/country:us/state:as/cd:79,,R,,4,AS,,0.0,RepAmata,https://radewagen.house.gov,,
N00035972,76455,4,,John,412653,21549.0,R000601,True,Ratcliffe,,,3.0,1.6,2018,ocd-division/country:us/state:tx/cd:4,,R,202-225-6673,4,TX,0.0,187.0,RepRatcliffe,https://ratcliffe.house.gov,96.2,147381.0
N00035927,76332,4,kathleenrice.house.gov,Kathleen,412647,21540.0,R000602,True,Rice,,,3.0,1.6,2018,ocd-division/country:us/state:ny/cd:4,,D,202-225-5516,4,NY,0.0,187.0,RepKathleenRice,http://kathleenrice.house.gov,94.02,127653.0
N00033527,79710,7,,David,412641,21544.0,R000603,True,Rouzer,,,0.0,0.0,2018,ocd-division/country:us/state:nc/cd:7,,R,202-225-2731,4,NC,0.0,187.0,RepDavidRouzer,https://rouzer.house.gov,97.33,102964.0
N00036175,77286,5,,Steve,412650,21546.0,R000604,True,Russell,,,9.0,4.81,2018,ocd-division/country:us/state:ok/cd:5,,R,202-225-2132,4,OK,0.0,187.0,RepRussell,https://russell.house.gov,90.45,
N00037036,12924,8,raskin.house.gov,Jamie,412708,,R000606,True,Raskin,,,0.0,0.0,2018,ocd-division/country:us/state:md/cd:8,,D,202-225-5341,2,MD,0.0,187.0,repraskin,https://raskin.house.gov,96.26,65904.0
N00040007,73021,19,francisrooney.house.gov,Francis,412699,,R000607,True,Rooney,,,0.0,0.0,2018,ocd-division/country:us/state:fl/cd:19,,R,202-225-2536,2,FL,0.0,187.0,RepRooney,https://francisrooney.house.gov,98.93,172678.0
N00038734,104738,3,rosen.house.gov,Jacky,412715,,R000608,True,Rosen,,,2.0,1.07,2018,ocd-division/country:us/state:nv/cd:3,,D,202-225-3252,2,NV,0.0,187.0,,https://rosen.house.gov,91.89,169471.0
N00039777,104531,4,rutherford.house.gov,John,412692,,R000609,True,Rutherford,,,26.0,13.9,2018,ocd-division/country:us/state:fl/cd:4,,R,202-225-2501,2,FL,0.0,187.0,,https://rutherford.house.gov,98.76,172542.0
N00002424,6513,1,sanford.house.gov,Mark,400607,29565.0,S000051,True,Sanford,,,0.0,0.0,2018,ocd-division/country:us/state:sc/cd:1,,R,202-225-3176,6,SC,4.0,187.0,RepSanfordSC,https://sanford.house.gov,93.05,21991.0
N00002147,25888,3,www.bobbyscott.house.gov,Robert,400364,39307.0,S000185,True,Scott,,C.,0.0,0.0,2018,ocd-division/country:us/state:va/cd:3,,D,202-225-8351,26,VA,0.0,187.0,BobbyScott,http://bobbyscott.house.gov,94.65,27117.0
N00004291,1507,5,sensenbrenner.house.gov,F.,400365,14657.0,S000244,True,Sensenbrenner,,James,1.0,0.53,2018,ocd-division/country:us/state:wi/cd:5,,R,202-225-5101,40,WI,0.0,187.0,JimPressOffice,http://sensenbrenner.house.gov,98.39,27142.0
N00001813,14306,15,serrano.house.gov,José,400366,29134.0,S000248,True,Serrano,,E.,1.0,0.53,2018,ocd-division/country:us/state:ny/cd:15,,D,202-225-4361,30,NY,0.0,187.0,RepJoseSerrano,https://serrano.house.gov,95.7,26981.0
N00005681,36807,32,sessions.house.gov,Pete,400367,29759.0,S000250,True,Sessions,,,3.0,1.6,2018,ocd-division/country:us/state:tx/cd:32,,R,202-225-2231,22,TX,0.0,187.0,PeteSessions,https://sessions.house.gov,98.37,288.0
N00006897,45124,30,sherman.house.gov,Brad,400371,29707.0,S000344,True,Sherman,,,0.0,0.0,2018,ocd-division/country:us/state:ca/cd:30,,D,202-225-5911,22,CA,0.0,187.0,BradSherman,http://sherman.house.gov,94.65,142.0
N00004961,30623,15,shimkus.house.gov,John,400373,29718.0,S000364,True,Shimkus,,,0.0,0.0,2018,ocd-division/country:us/state:il/cd:15,,R,202-225-5271,22,IL,0.0,187.0,RepShimkus,https://shimkus.house.gov,98.93,246.0
N00001311,1755,25,louise.house.gov,Louise,400378,15444.0,S000480,True,Slaughter,,M.,35.0,18.72,2018,ocd-division/country:us/state:ny/cd:25,,D,202-225-3615,32,NY,0.0,187.0,LouiseSlaughter,https://louise.house.gov,96.71,26991.0
N00007833,44329,9,adamsmith.house.gov,Adam,400379,29768.0,S000510,True,Smith,,,9.0,4.81,2018,ocd-division/country:us/state:wa/cd:9,,D,202-225-8901,22,WA,0.0,187.0,RepAdamSmith,https://adamsmith.house.gov,94.94,845.0
N00009816,6411,4,chrissmith.house.gov,Christopher,400380,14863.0,S000522,True,Smith,,H.,1.0,0.53,2018,ocd-division/country:us/state:nj/cd:4,,R,202-225-3765,38,NJ,0.0,187.0,RepChrisSmith,http://chrissmith.house.gov,93.01,26952.0
N00001811,8884,21,lamarsmith.house.gov,Lamar,400381,15445.0,S000583,True,Smith,,,8.0,4.28,2018,ocd-division/country:us/state:tx/cd:21,,R,202-225-4236,32,TX,0.0,187.0,LamarSmithTX21,http://lamarsmith.house.gov,98.88,27097.0
N00004724,57874,9,schakowsky.house.gov,Jan,400360,29911.0,S001145,True,Schakowsky,,,7.0,3.74,2018,ocd-division/country:us/state:il/cd:9,,D,202-225-2111,20,IL,0.0,187.0,JanSchakowsky,https://schakowsky.house.gov,96.67,6387.0
N00006263,57889,2,simpson.house.gov,Mike,400376,29910.0,S001148,True,Simpson,,,4.0,2.14,2018,ocd-division/country:us/state:id/cd:2,,R,202-225-5531,20,ID,0.0,187.0,CongMikeSimpson,http://simpson.house.gov,98.36,2917.0
N00009585,90167,28,schiff.house.gov,Adam,400361,20104.0,S001150,True,Schiff,,B.,0.0,0.0,2018,ocd-division/country:us/state:ca/cd:28,,D,202-225-4176,18,CA,0.0,187.0,RepAdamSchiff,http://schiff.house.gov,97.86,9489.0
N00013770,89108,9,shuster.house.gov,Bill,409888,20134.0,S001154,True,Shuster,,,8.0,4.28,2018,ocd-division/country:us/state:pa/cd:9,,R,202-225-2431,18,PA,0.0,187.0,RepBillShuster,https://shuster.house.gov,98.88,55693.0
N00024870,1003554,38,lindasanchez.house.gov,Linda,400355,20310.0,S001156,True,Sánchez,,T.,3.0,1.6,2018,ocd-division/country:us/state:ca/cd:38,,D,202-225-6676,16,CA,0.0,187.0,RepLindaSanchez,https://lindasanchez.house.gov,97.28,29674.0
N00024871,1003567,13,davidscott.house.gov,David,400363,20321.0,S001157,True,Scott,,,13.0,6.95,2018,ocd-division/country:us/state:ga/cd:13,,D,202-225-2939,16,GA,0.0,187.0,RepDavidScott,http://davidscott.house.gov,95.98,7826.0
N00027523,1022293,8,sires.house.gov,Albio,412186,20542.0,S001165,True,Sires,,,7.0,3.74,2018,ocd-division/country:us/state:nj/cd:8,,D,202-225-7919,14,NJ,0.0,187.0,RepSires,https://sires.house.gov,95.56,22510.0
N00027751,1022884,3,sarbanes.house.gov,John,412212,20724.0,S001168,True,Sarbanes,,,0.0,0.0,2018,ocd-division/country:us/state:md/cd:3,,D,202-225-4016,12,MD,0.0,187.0,RepSarbanes,https://sarbanes.house.gov,96.79,66575.0
N00028091,1021773,1,shea-porter.house.gov,Carol,412219,20731.0,S001170,True,Shea-Porter,,,0.0,0.0,2018,ocd-division/country:us/state:nh/cd:1,,D,202-225-5456,2,NH,1.0,187.0,repsheaporter,https://shea-porter.house.gov,95.19,65891.0
N00027623,1022845,3,www.adriansmith.house.gov,Adrian,412217,20729.0,S001172,True,Smith,,,4.0,2.14,2018,ocd-division/country:us/state:ne/cd:3,,R,202-225-6435,12,NE,0.0,187.0,RepAdrianSmith,http://adriansmith.house.gov,97.81,21284.0
N00029649,1027627,14,speier.house.gov,Jackie,412259,20762.0,S001175,True,Speier,,,5.0,2.67,2018,ocd-division/country:us/state:ca/cd:14,,D,202-225-3531,12,CA,0.0,187.0,RepSpeier,https://speier.house.gov,96.7,8425.0
N00009660,1015311,1,scalise.house.gov,Steve,412261,20759.0,S001176,True,Scalise,,,1.0,0.53,2018,ocd-division/country:us/state:la/cd:1,,R,202-225-3015,12,LA,0.0,187.0,SteveScalise,http://scalise.house.gov,98.39,9026.0
N00030418,1031366,79,sablan.house.gov,Gregorio &#39;Kilili&#39;,412312,,S001177,True,Sablan,,Camacho,,,2018,ocd-division/country:us/state:mp/cd:79,,I,,10,MP,,0.0,,http://sablan.house.gov,,110903.0
N00030071,1031358,5,schrader.house.gov,Kurt,412315,20944.0,S001180,True,Schrader,,,3.0,1.83,2018,ocd-division/country:us/state:or/cd:5,,D,202-225-5711,10,OR,0.0,164.0,RepSchrader,http://schrader.house.gov,86.34,10813.0
N00006460,5205,6,schweikert.house.gov,David,412399,21105.0,S001183,True,Schweikert,,,1.0,0.53,2018,ocd-division/country:us/state:az/cd:6,,R,202-225-2190,8,AZ,0.0,187.0,RepDavid,https://schweikert.house.gov,98.92,106387.0
N00030622,623257,7,sewell.house.gov,Terri,412396,21102.0,S001185,True,Sewell,,,5.0,2.67,2018,ocd-division/country:us/state:al/cd:7,,D,202-225-2665,8,AL,0.0,187.0,RepTerriSewell,https://sewell.house.gov,97.8,121621.0
N00029574,62320,15,stivers.house.gov,Steve,412461,21163.0,S001187,True,Stivers,,,2.0,1.07,2018,ocd-division/country:us/state:oh/cd:15,,R,202-225-2015,8,OH,0.0,187.0,RepSteveStivers,http://stivers.house.gov,96.76,45333.0
N00032457,623344,8,austinscott.house.gov,Austin,412417,21123.0,S001189,True,Scott,,,0.0,0.0,2018,ocd-division/country:us/state:ga/cd:8,,R,202-225-6531,8,GA,0.0,187.0,AustinScottGA08,https://austinscott.house.gov,97.86,11812.0
N00033101,63948,10,schneider.house.gov,Brad,412534,21326.0,S001190,True,Schneider,,,0.0,0.0,2018,ocd-division/country:us/state:il/cd:10,,D,202-225-4835,2,IL,0.0,187.0,repschneider,https://schneider.house.gov,93.05,134948.0
N00033983,68489,9,sinema.house.gov,Kyrsten,412509,21300.0,S001191,True,Sinema,,,38.0,20.32,2018,ocd-division/country:us/state:az/cd:9,,D,202-225-9888,6,AZ,0.0,187.0,RepSinema,https://sinema.house.gov,76.51,28338.0
N00033932,68466,2,stewart.house.gov,Chris,412581,21367.0,S001192,True,Stewart,,,4.0,2.14,2018,ocd-division/country:us/state:ut/cd:2,,R,202-225-9730,6,UT,0.0,187.0,RepChrisStewart,http://stewart.house.gov,98.36,135930.0
N00033508,79729,15,swalwell.house.gov,Eric,412514,21306.0,S001193,True,Swalwell,,,0.0,0.0,2018,ocd-division/country:us/state:ca/cd:15,,D,202-225-5065,6,CA,0.0,187.0,RepSwalwell,https://swalwell.house.gov,93.58,129529.0
N00035282,71083,8,,Jason,412596,21373.0,S001195,True,Smith,,,1.0,0.53,2018,ocd-division/country:us/state:mo/cd:8,,R,202-225-4404,6,MO,0.0,187.0,RepJasonSmith,https://jasonsmith.house.gov,97.31,59318.0
N00035523,76364,21,,Elise,412648,21541.0,S001196,True,Stefanik,,,0.0,0.0,2018,ocd-division/country:us/state:ny/cd:21,,R,202-225-4611,4,NY,0.0,187.0,RepStefanik,https://stefanik.house.gov,97.33,152539.0
N00038781,103540,16,smucker.house.gov,Lloyd,412722,,S001199,True,Smucker,,,0.0,0.0,2018,ocd-division/country:us/state:pa/cd:16,,R,202-225-2411,2,PA,0.0,187.0,,https://smucker.house.gov,97.86,102454.0
N00037422,104534,9,soto.house.gov,Darren,412695,,S001200,True,Soto,,,1.0,0.53,2018,ocd-division/country:us/state:fl/cd:9,,D,202-225-9889,2,FL,0.0,187.0,RepDarrenSoto,https://soto.house.gov,97.31,67618.0
N00038742,104747,3,suozzi.house.gov,Thomas,412717,,S001201,True,Suozzi,,,8.0,4.28,2018,ocd-division/country:us/state:ny/cd:3,,D,202-225-3335,2,NY,0.0,187.0,RepTomSuozzi,https://suozzi.house.gov,91.62,92111.0
N00003288,7304,2,benniethompson.house.gov,Bennie,400402,29368.0,T000193,True,Thompson,,,4.0,2.14,2018,ocd-division/country:us/state:ms/cd:2,,D,202-225-5876,26,MS,0.0,187.0,BennieGThompson,https://benniethompson.house.gov,95.63,26929.0
N00006052,36814,13,thornberry.house.gov,William,400404,29572.0,T000238,True,Thornberry,,M.,0.0,0.0,2018,ocd-division/country:us/state:tx/cd:13,,R,202-225-3706,24,TX,0.0,187.0,MacTXPress,http://thornberry.house.gov,98.93,21706.0
N00007419,57872,5,mikethompson.house.gov,Mike,400403,29901.0,T000460,True,Thompson,,,0.0,0.0,2018,ocd-division/country:us/state:ca/cd:5,,D,202-225-3311,20,CA,0.0,187.0,RepThompson,http://mikethompson.house.gov,93.05,3564.0
N00009699,88155,12,tiberi.house.gov,Pat,400406,20130.0,T000462,True,Tiberi,,,3.0,1.6,2018,ocd-division/country:us/state:oh/cd:12,,R,202-225-5355,18,OH,0.0,187.0,TiberiPress,http://tiberi.house.gov,97.28,8404.0
N00025175,1003607,10,turner.house.gov,Michael,400411,20342.0,T000463,True,Turner,,R.,0.0,0.0,2018,ocd-division/country:us/state:oh/cd:10,,R,202-225-6465,16,OH,0.0,187.0,RepMikeTurner,https://turner.house.gov,96.79,45519.0
N00029026,21764,3,tsongas.house.gov,Niki,412254,20754.0,T000465,True,Tsongas,,,15.0,8.02,2018,ocd-division/country:us/state:ma/cd:3,,D,202-225-3411,12,MA,0.0,187.0,NikiInTheHouse,https://tsongas.house.gov,94.19,89417.0
N00029736,1031359,5,thompson.house.gov,Glenn,412317,20946.0,T000467,True,Thompson,,,0.0,0.0,2018,ocd-division/country:us/state:pa/cd:5,,R,202-225-5121,10,PA,0.0,187.0,CongressmanGT,http://thompson.house.gov,97.33,24046.0
N00030191,1021622,1,titus.house.gov,Dina,412318,20927.0,T000468,True,Titus,,,43.0,22.99,2018,ocd-division/country:us/state:nv/cd:1,,D,202-225-5965,6,NV,0.0,187.0,RepDinaTitus,https://titus.house.gov,97.22,2629.0
N00030196,1031353,20,tonko.house.gov,Paul,412319,20934.0,T000469,True,Tonko,,,2.0,1.07,2018,ocd-division/country:us/state:ny/cd:20,,D,202-225-5076,10,NY,3.0,187.0,RepPaulTonko,https://tonko.house.gov,96.22,4403.0
N00027509,60384,3,tipton.house.gov,Scott,412405,21111.0,T000470,True,Tipton,,,4.0,2.14,2018,ocd-division/country:us/state:co/cd:3,,R,202-225-4761,8,CO,0.0,187.0,RepTipton,http://tipton.house.gov,96.17,65403.0
N00006701,2737,41,takano.house.gov,Mark,412520,21312.0,T000472,True,Takano,,,9.0,4.81,2018,ocd-division/country:us/state:ca/cd:41,,D,202-225-2305,6,CA,0.0,187.0,RepMarkTakano,https://takano.house.gov,96.63,22337.0
N00036107,76129,35,,Norma,412617,21508.0,T000474,True,Torres,,,3.0,1.6,2018,ocd-division/country:us/state:ca/cd:35,,D,202-225-6161,4,CA,0.0,187.0,NormaJTorres,https://torres.house.gov,97.28,
N00035607,76679,11,trott.house.gov,Dave,412636,21528.0,T000475,True,Trott,,,7.0,3.74,2018,ocd-division/country:us/state:mi/cd:11,,R,202-225-8171,4,MI,0.0,187.0,repdavetrott,https://trott.house.gov,98.89,152477.0
N00031263,96047,2,taylor.house.gov,Scott,412727,,T000477,True,Taylor,,,9.0,4.81,2018,ocd-division/country:us/state:va/cd:2,,R,202-225-4215,2,VA,0.0,187.0,,https://taylor.house.gov,97.75,144514.0
N00036351,103481,22,tenney.house.gov,Claudia,412720,,T000478,True,Tenney,,,1.0,0.53,2018,ocd-division/country:us/state:ny/cd:22,,R,202-225-3665,2,NY,0.0,187.0,RepTenney,https://tenney.house.gov,98.92,127668.0
N00004133,12127,6,upton.house.gov,Fred,400414,15446.0,U000031,True,Upton,,,0.0,0.0,2018,ocd-division/country:us/state:mi/cd:6,,R,202-225-3761,32,MI,0.0,187.0,RepFredUpton,http://upton.house.gov,96.26,26906.0
N00001102,26160,7,velazquez.house.gov,Nydia,400416,29378.0,V000081,True,Velázquez,,M.,4.0,2.14,2018,ocd-division/country:us/state:ny/cd:7,,D,202-225-2361,26,NY,0.0,187.0,NydiaVelazquez,https://velazquez.house.gov,95.63,26975.0
N00003813,6785,1,visclosky.house.gov,Peter,400417,15124.0,V000108,True,Visclosky,,J.,7.0,3.74,2018,ocd-division/country:us/state:in/cd:1,,D,202-225-2461,34,IN,0.0,187.0,RepVisclosky,https://visclosky.house.gov,93.89,26851.0
N00033367,623702,21,valadao.house.gov,David,412515,21307.0,V000129,True,Valadao,,,5.0,2.67,2018,ocd-division/country:us/state:ca/cd:21,,R,202-225-4695,6,CA,0.0,187.0,RepDavidValadao,http://valadao.house.gov,97.25,120200.0
N00007021,8297,51,vargas.house.gov,Juan,412522,21314.0,V000130,True,Vargas,,,2.0,1.07,2018,ocd-division/country:us/state:ca/cd:51,,D,202-225-8045,6,CA,0.0,187.0,RepJuanVargas,http://vargas.house.gov,97.3,29100.0
N00033839,79466,33,veasey.house.gov,Marc,412579,21365.0,V000131,True,Veasey,,,1.0,0.53,2018,ocd-division/country:us/state:tx/cd:33,,D,202-225-9897,6,TX,0.0,187.0,RepVeasey,http://veasey.house.gov,96.24,49671.0
N00034349,95434,34,vela.house.gov,Filemon,412580,21366.0,V000132,True,Vela,,,2.0,1.07,2018,ocd-division/country:us/state:tx/cd:34,,D,202-225-9901,6,TX,0.0,187.0,RepFilemonVela,https://vela.house.gov,94.05,137719.0
N00006690,1953,43,waters.house.gov,Maxine,400422,29106.0,W000187,True,Waters,,,9.0,4.81,2018,ocd-division/country:us/state:ca/cd:43,,D,202-225-2201,28,CA,0.0,187.0,MaxineWaters,https://waters.house.gov,94.94,26759.0
N00007690,57892,2,walden.house.gov,Greg,400419,29932.0,W000791,True,Walden,,,3.0,1.6,2018,ocd-division/country:us/state:or/cd:2,,R,202-225-6730,20,OR,0.0,187.0,RepGregWalden,https://walden.house.gov,98.37,2979.0
N00024809,1002567,2,joewilson.house.gov,Joe,400433,20138.0,W000795,True,Wilson,,,0.0,0.0,2018,ocd-division/country:us/state:sc/cd:2,,R,202-225-2452,18,SC,0.0,187.0,RepJoeWilson,http://joewilson.house.gov,98.93,3985.0
N00026106,86882,23,wassermanschultz.house.gov,Debbie,400623,20504.0,W000797,True,Wasserman Schultz,,,1.0,0.53,2018,ocd-division/country:us/state:fl/cd:23,,D,202-225-7931,14,FL,0.0,187.0,RepDWStweets,https://wassermanschultz.house.gov,97.85,24301.0
N00026368,1022844,7,walberg.house.gov,Tim,412213,20725.0,W000798,True,Walberg,,,1.0,0.53,2018,ocd-division/country:us/state:mi/cd:7,,R,202-225-6276,8,MI,0.0,187.0,RepWalberg,http://walberg.house.gov,96.77,8618.0
N00027467,1018510,1,walz.house.gov,Tim,412214,20726.0,W000799,True,Walz,,,4.0,2.14,2018,ocd-division/country:us/state:mn/cd:1,,D,202-225-2472,12,MN,0.0,187.0,RepTimWalz,https://walz.house.gov,92.35,65443.0
N00000515,1019990,1,welch.house.gov,Peter,412239,20750.0,W000800,True,Welch,,,15.0,8.02,2018,ocd-division/country:us/state:vt/cd:1,,D,202-225-4115,12,VT,0.0,187.0,PeterWelch,https://welch.house.gov,95.93,51272.0
N00029459,1028089,1,wittman.house.gov,Robert,412255,20756.0,W000804,True,Wittman,,J.,5.0,2.67,2018,ocd-division/country:us/state:va/cd:1,,R,202-225-4261,12,VA,0.0,187.0,RobWittman,http://wittman.house.gov,97.8,58133.0
N00026335,30504,11,webster.house.gov,Daniel,412410,21116.0,W000806,True,Webster,,,4.0,2.14,2018,ocd-division/country:us/state:fl/cd:11,,R,202-225-1002,8,FL,0.0,187.0,RepWebster,http://webster.house.gov,97.27,24302.0
N00030650,87016,24,wilson.house.gov,Frederica,412412,21118.0,W000808,True,Wilson,,,9.0,4.81,2018,ocd-division/country:us/state:fl/cd:24,,D,202-225-4506,8,FL,0.0,187.0,RepWilson,https://wilson.house.gov,97.19,17319.0
N00031857,1033625,3,womack.house.gov,Steve,412402,21108.0,W000809,True,Womack,,,0.0,0.0,2018,ocd-division/country:us/state:ar/cd:3,,R,202-225-4301,8,AR,0.0,187.0,Rep_SteveWomack,http://womack.house.gov,98.93,71815.0
N00032416,623342,7,woodall.house.gov,Rob,412416,21122.0,W000810,True,Woodall,,,2.0,1.07,2018,ocd-division/country:us/state:ga/cd:7,,R,202-225-4272,8,GA,0.0,187.0,RepRobWoodall,https://woodall.house.gov,96.22,122251.0
N00033106,82702,2,wagner.house.gov,Ann,412548,21337.0,W000812,True,Wagner,,,10.0,5.35,2018,ocd-division/country:us/state:mo/cd:2,,R,202-225-1621,6,MO,0.0,187.0,RepAnnWagner,http://wagner.house.gov,98.87,136083.0
N00031226,95005,2,walorski.house.gov,Jackie,412538,21330.0,W000813,True,Walorski,,,2.0,1.07,2018,ocd-division/country:us/state:in/cd:2,,R,202-225-3915,6,IN,0.0,187.0,RepWalorski,http://walorski.house.gov,98.92,34205.0
N00033539,79698,14,weber.house.gov,Randy,412574,21360.0,W000814,True,Weber,,,0.0,0.0,2018,ocd-division/country:us/state:tx/cd:14,,R,202-225-2831,6,TX,0.0,187.0,TXRandy14,http://weber.house.gov,95.72,102026.0
N00033310,1034044,2,wenstrup.house.gov,Brad,412564,21351.0,W000815,True,Wenstrup,,,0.0,0.0,2018,ocd-division/country:us/state:oh/cd:2,,R,202-225-3164,6,OH,0.0,187.0,RepBradWenstrup,http://wenstrup.house.gov,97.86,135326.0
N00030602,623742,25,williams.house.gov,Roger,412578,21364.0,W000816,True,Williams,,,0.0,0.0,2018,ocd-division/country:us/state:tx/cd:25,,R,202-225-9896,6,TX,0.0,187.0,RepRWilliams,http://williams.house.gov,98.4,50112.0
N00035311,76376,6,walker.house.gov,Mark,412670,21543.0,W000819,True,Walker,,,13.0,6.95,2018,ocd-division/country:us/state:nc/cd:6,,R,202-225-3065,4,NC,0.0,187.0,RepMarkWalker,https://walker.house.gov,98.28,146255.0
N00035391,76141,45,,Mimi,412618,21509.0,W000820,True,Walters,,,0.0,0.0,2018,ocd-division/country:us/state:ca/cd:45,,R,202-225-5611,4,CA,0.0,187.0,RepMimiWalters,https://walters.house.gov,98.93,
N00035527,76097,4,,Bruce,412610,21563.0,W000821,True,Westerman,,,0.0,0.0,2018,ocd-division/country:us/state:ar/cd:4,,R,202-225-3772,4,AR,0.0,187.0,RepWesterman,https://westerman.house.gov,98.4,119120.0
N00036158,79091,12,watsoncoleman.house.gov,Bonnie,412644,21538.0,W000822,True,Watson Coleman,,,3.0,1.6,2018,ocd-division/country:us/state:nj/cd:12,,D,202-225-5801,4,NJ,0.0,187.0,RepBonnie,https://watsoncoleman.house.gov,95.11,24799.0
N00007999,1897,1,donyoung.house.gov,Don,400440,14066.0,Y000033,True,Young,,,7.0,3.74,2018,ocd-division/country:us/state:ak/cd:1,,R,202-225-5765,46,AK,0.0,187.0,RepDonYoung,http://donyoung.house.gov,95.0,26717.0
N00028073,1021662,3,yarmuth.house.gov,John,412211,20723.0,Y000062,True,Yarmuth,,,3.0,1.6,2018,ocd-division/country:us/state:ky/cd:3,,D,202-225-5401,12,KY,0.0,187.0,RepJohnYarmuth,https://yarmuth.house.gov,97.28,58579.0
N00031502,61843,3,yoder.house.gov,Kevin,412430,21135.0,Y000063,True,Yoder,,,0.0,0.0,2018,ocd-division/country:us/state:ks/cd:3,,R,202-225-2865,8,KS,0.0,187.0,RepKevinYoder,http://yoder.house.gov,97.33,34433.0
N00033220,63943,3,yoho.house.gov,Ted,412525,21317.0,Y000065,True,Yoho,,,3.0,1.6,2018,ocd-division/country:us/state:fl/cd:3,,R,202-225-5744,6,FL,0.0,187.0,RepTedYoho,http://yoho.house.gov,97.83,137622.0
N00035509,76211,3,,David,412628,21521.0,Y000066,True,Young,,,0.0,0.0,2018,ocd-division/country:us/state:ia/cd:3,,R,202-225-5476,4,IA,0.0,187.0,RepDavidYoung,https://davidyoung.house.gov,98.4,
N00029404,61616,1,,Lee,412646,21539.0,Z000017,True,Zeldin,,,0.0,0.0,2018,ocd-division/country:us/state:ny/cd:1,,R,202-225-3826,4,NY,0.0,187.0,RepLeeZeldin,https://zeldin.house.gov,98.93,
,76298,1,,Ryan,412640,21532.0,Z000018,False,Zinke,,,89.0,82.41,2018,ocd-division/country:us/state:mt/cd:1,,R,202-225-3211,4,MT,0.0,108.0,RepRyanZinke,https://zinke.house.gov,89.47,
